Workbook
Name \0: '[1]PNT-QUOT-#3'!#REF!
Name \0: '[1]PNT-QUOT-#3'!#REF!
Name \0: '[1]PNT-QUOT-#3'!#REF!
Name \a: #N/A
Name \c: #N/A
Name \C_1: #REF!
Name \d: #N/A
Name \dddddddd: #N/A
Name \ddddddddd: #N/A
Name \e: #N/A
Name \EXT: #REF!
Name \f: #REF!
Name \g: #REF!
Name \GUARD: #REF!
Name \i: #N/A
Name \j: #N/A
Name \k: #N/A
Name \KWS123: #N/A
Name \o: #REF!
Name \p: #REF!
Name \PUMP: #REF!
Name \q: #N/A
Name \s: #REF!
Name \t: #REF!
Name \u: #N/A
Name \z: '[1]COAT&WRAP-QIOT-#3'!#REF!
Name \z: '[1]COAT&WRAP-QIOT-#3'!#REF!
Name \z: '[1]COAT&WRAP-QIOT-#3'!#REF!
Name \ㅂ: #N/A
Name _: #N/A
Name _?1: #N/A
Name _?271: #N/A
Name __?1: #N/A
Name __?271: #N/A
Name ___??: #N/A
Name ___?1: #N/A
Name ___?271: #N/A
Name _____________________________________________a1: {"'Sheet1'!$L$16"}
Name _____________________________________________PA3: {"'Sheet1'!$L$16"}
Name ____________________________________________a1: {"'Sheet1'!$L$16"}
Name ____________________________________________PA3: {"'Sheet1'!$L$16"}
Name __________________________________________a1: {"'Sheet1'!$L$16"}
Name __________________________________________PA3: {"'Sheet1'!$L$16"}
Name _________________________________________a1: {"'Sheet1'!$L$16"}
Name _________________________________________PA3: {"'Sheet1'!$L$16"}
Name ________________________________________a1: {"'Sheet1'!$L$16"}
Name ________________________________________PA3: {"'Sheet1'!$L$16"}
Name _______________________________________a1: {"'Sheet1'!$L$16"}
Name _______________________________________PA3: {"'Sheet1'!$L$16"}
Name ______________________________________a1: {"'Sheet1'!$L$16"}
Name ______________________________________PA3: {"'Sheet1'!$L$16"}
Name _____________________________________a1: {"'Sheet1'!$L$16"}
Name _____________________________________PA3: {"'Sheet1'!$L$16"}
Name ____________________________________a1: {"'Sheet1'!$L$16"}
Name ____________________________________PA3: {"'Sheet1'!$L$16"}
Name ___________________________________PA3: {"'Sheet1'!$L$16"}
Name __________________________________a1: {"'Sheet1'!$L$16"}
Name __________________________________PA3: {"'Sheet1'!$L$16"}
Name _________________________________a1: {"'Sheet1'!$L$16"}
Name _________________________________PA3: {"'Sheet1'!$L$16"}

Sheet foxz

Sheet BIA
B10: BẢNG DỰ TOÁN CHI TIẾT
B12: 2/ HỆ THỐNG ĐIỆN TỔNG THỂ BÊN TRONG VÀ BÊN NGOÀI
B14: CÔNG TRÌNH: TRANG TRẠI CHĂN NUÔI LỢN CÔNG NGHỆ CAO TẠI XÃ QUẢNG SƠN, HUYỆN HẢI HÀ
B15: ĐỊA ĐIỂM: XÃ QUẢNG SƠN, HUYỆN HẢI HÀ, TỈNH QUẢNG NINH
B16: CHỦ ĐẦU TƯ: CÔNG TY CỔ PHẦN CHĂN NUÔI GREENTECH
B17: NHÀ THẦU ĐIỆN : CÔNG TY TNHH KỸ THUẬT ĐIỆN VÀ CÔNG NGHỆ MÔI TRƯỜNG DH
A26: QUANG NINH - 2023

Sheet P2-TONG HOP
A2: BẢNG TỔNG HỢP DỰ TOÁN CHI TIẾT
B3: =BIA!B14 -> CÔNG TRÌNH: TRANG TRẠI CHĂN NUÔI LỢN CÔNG NGHỆ CAO TẠI XÃ QUẢNG SƠN, HUYỆN HẢI HÀ
B4: =BIA!B15 -> ĐỊA ĐIỂM: XÃ QUẢNG SƠN, HUYỆN HẢI HÀ, TỈNH QUẢNG NINH
B5: =BIA!B16 -> CHỦ ĐẦU TƯ: CÔNG TY CỔ PHẦN CHĂN NUÔI GREENTECH
B6: NHÀ THẦU ĐIỆN : CÔNG TY TNHH KỸ THUẬT ĐIỆN VÀ CÔNG NGHỆ MÔI TRƯỜNG DH
A7: 2/ HỆ THỐNG ĐIỆN TỔNG THỂ BÊN TRONG VÀ BÊN NGOÀI
A8: STT | B8: Số hiệu hạng mục | C8: Hạng mục | D8: Đơn vị tính | E8: Số lượng | F8: Tổng Vật Tư | G8: Tổng Nhân Công | H8: Tổng khối lượng
A10: 01 | B10: I | C10: Cấp nguồn tổng thể | D10: Hệ thống | E10: 1 | F10: ='01.CẤP NGUỒN TỔNG THỂ'!J246 -> 4056691200 | G10: ='01.CẤP NGUỒN TỔNG THỂ'!K246 -> 1633788000 | H10: =+'01.CẤP NGUỒN TỔNG THỂ'!L246 -> 5690479200
A11: 02 | B11: II | C11: Hệ thống chiếu sáng ngoài | D11: Hệ thống | E11: 1 | F11: ='02.HỆ THỐNG CHIẾU SÁNG NGOÀI'!H86 -> 871221400 | G11: ='02.HỆ THỐNG CHIẾU SÁNG NGOÀI'!I86 -> 281816000 | H11: =+'02.HỆ THỐNG CHIẾU SÁNG NGOÀI'!J86 -> 1153037400
A12: 03 | B12: III | C12: Hệ thống tiếp địa | D12: Hệ thống | E12: 1 | F12: ='03.HỆ THỐNG TIẾP ĐỊA'!H182 -> 242599800 | G12: ='03.HỆ THỐNG TIẾP ĐỊA'!I182 -> 104537900 | H12: =+'03.HỆ THỐNG TIẾP ĐỊA'!J182 -> 347137700
A13: 04 | B13: IV | C13: Hệ thống chống sét | D13: Hệ thống | E13: 1 | F13: ='04.HỆ THỐNG CHỐNG SÉT'!H33 -> 410779200 | G13: ='04.HỆ THỐNG CHỐNG SÉT'!I33 -> 124599000 | H13: =+'04.HỆ THỐNG CHỐNG SÉT'!J33 -> 535378200
A14: 05 | B14: V | C14: Tủ điện | D14: Hệ thống | E14: 1 | F14: ='05.TỦ ĐIỆN'!H106 -> 3681003200 | G14: ='05.TỦ ĐIỆN'!I106 -> 344200000 | H14: =+'05.TỦ ĐIỆN'!J106 -> 4025203200
A15: 06 | B15: VI | C15: Hệ thống điện bên trong và ngoài | D15: Hệ thống | E15: 1 | F15: ='06.HỆ THỐNG CHIẾU SÁNG BÊN TRON'!H628 -> 5528387600 | G15: ='06.HỆ THỐNG CHIẾU SÁNG BÊN TRON'!I628 -> 2149611100 | H15: =+'06.HỆ THỐNG CHIẾU SÁNG BÊN TRON'!J628 -> 7677998800
A16: 07 | B16: VII | C16: Chi phí khác: chi phí quản lý, kho bãi, vệ sinh môi trường, an toàn lao động | D16: Hệ thống | E16: 1 | F16: 0 | G16: =SUM(F10:G15)*1% -> 194292344 | H16: =G16 -> 194292344
A17: TỔNG CỘNG I+II+III+IV+V+VI (trước VAT) | F17: =+SUM(F10:F16) -> 14790682400 | G17: =+SUM(G10:G16) -> 4832844344 | H17: =SUM(H10:H16) -> 19623526844
A18: THUẾ VAT 10%
A19: THUẾ VAT 8% | F19: =F17*0.08 -> 1183254592 | G19: =G17*8% -> 3.8662755e+08
A20: TỔNG CỘNG | F20: =SUM(F17:F19) -> 15973936992 | G20: =SUM(G17:G19) -> 5.2194719e+09 | H20: =SUM(F20:G20) -> 2.1193409e+10
A21: LÀM TRÒN SAU THUẾ | H21: 21193000000
A23: - Hiệu lực: Báo giá có hiệu lực trong vòng 3 tuần
A24: - Điều khoản thanh toán: Tạm ứng : 30%, Thanh toán lần 2, thanh toán lần 3 theo đợt tập kết vật tư
A25: - Tiến độ: Dự kiến 4-6 tháng, theo thỏa thuận và tiến độ thực tế công trường
A26: - Bảo hành: Theo tiêu chuẩn của hãng sản xuất 12 tháng
A27: CÔNG TY CỔ PHẦN CHĂN NUÔI GREENTECH | G27: CÔNG TY TNHH KỸ THUẬT ĐIỆN VÀ CÔNG NGHỆ MÔI TRƯỜNG DH

Sheet 01.CẤP NGUỒN TỔNG THỂ
A1: CHI TIẾT DỰ TOÁN
B2: =BIA!B14 -> CÔNG TRÌNH: TRANG TRẠI CHĂN NUÔI LỢN CÔNG NGHỆ CAO TẠI XÃ QUẢNG SƠN, HUYỆN HẢI HÀ
B3: =BIA!B15 -> ĐỊA ĐIỂM: XÃ QUẢNG SƠN, HUYỆN HẢI HÀ, TỈNH QUẢNG NINH
B4: =BIA!B16 -> CHỦ ĐẦU TƯ: CÔNG TY CỔ PHẦN CHĂN NUÔI GREENTECH
B5: NHÀ THẦU ĐIỆN : CÔNG TY TNHH KỸ THUẬT ĐIỆN VÀ CÔNG NGHỆ MÔI TRƯỜNG DH
B6: HẠNG MỤC P2-01: CẤP NGUỒN TỔNG THỂ
A7: STT | B7: NỘI DUNG CÔNG VIỆC | E7: XUẤT XỨ | F7: ĐVT | G7: Khối Lượng | H7: ĐƠN GIÁ | J7: Thành tiền | L7: Tổng Khối lượng | M7: GHI CHÚ
H8: Vật tư | I8: Nhân công | J8: Vật tư | K8: Nhân công
A9: I | B9: DÂY NGUỒN TỪ TRẠM BIẾN ÁP ĐẾN NHÀ MÁY PHÁT | J9: =SUM(J10:J44) -> 1375702000 | K9: =SUM(K10:K44) -> 89637000 | L9: =SUM(L10:L44) -> 1465339000
A10: 1 | B10: Cáp CXV 12x1C-240mm2 từ máy phát điện tới ngăn ATS của MSB | E10: Cadisun- Việt Nam | F10: m | G10: 0 | H10: 6572300 | I10: 390600 | J10: =ROUND(G10*H10,-3) -> 0 | K10: =ROUND(G10*I10,-3) -> 0 | L10: =J10+K10 -> 0
A11: 2 | B11: Cáp CXV 8x1C-185mm2 từ máy phát điện tới ngăn ATS của MSB-A.1 | C11: 185 | D11: 16 | E11: Cadisun- Việt Nam | F11: m | G11: 21 | H11: 3331200 | I11: 223200 | J11: =ROUND(G11*H11,-3) -> 69955000 | K11: =ROUND(G11*I11,-3) -> 4687000 | L11: =J11+K11 -> 74642000
A12: 3 | B12: Cáp CV 1C-120mm2 từ máy phát điện tới ngăn ATS của MSB-A.1 | C12: 120 | D12: 2 | E12: Cadisun- Việt Nam | F12: m | G12: 21 | H12: 266500 | I12: 21300 | J12: =ROUND(G12*H12,-3) -> 5597000 | K12: =ROUND(G12*I12,-3) -> 447000 | L12: =J12+K12 -> 6044000 | M12: Bổ sung dây tiếp địa
A13: 4 | B13: Cáp CXV 8x1C-185mm2 từ máy phát điện tới ngăn ATS của MSB-A.2 | C13: 185 | D13: 16 | E13: Cadisun- Việt Nam | F13: m | G13: 27 | H13: 3331200 | I13: 223200 | J13: =ROUND(G13*H13,-3) -> 89942000 | K13: =ROUND(G13*I13,-3) -> 6026000 | L13: =J13+K13 -> 95968000
A14: 5 | B14: Cáp CV 1C-120mm2 từ máy phát điện tới ngăn ATS của MSB-A.2 | C14: 120 | D14: 2 | E14: Cadisun- Việt Nam | F14: m | G14: 27 | H14: 266500 | I14: 21300 | J14: =ROUND(G14*H14,-3) -> 7196000 | K14: =ROUND(G14*I14,-3) -> 575000 | L14: =J14+K14 -> 7771000 | M14: Bổ sung dây tiếp địa
A15: 6 | B15: Cáp CXV 2x1C-300mm2 từ máy phát điện tới ngăn ATS của MSB | E15: Cadisun- Việt Nam | F15: m | G15: 0 | H15: 0 | I15: 0 | J15: =ROUND(G15*H15,-3) -> 0 | K15: =ROUND(G15*I15,-3) -> 0 | L15: =J15+K15 -> 0
A16: 7 | B16: Cáp CXV 11x1C-300mm² từ máy phát điện tới ngăn ATS của MSB-B.1 | C16: 300 | D16: 22 | E16: Cadisun- Việt Nam | F16: m | G16: 22 | H16: 7528400 | I16: 409200 | J16: =ROUND(G16*H16,-3) -> 165625000 | K16: =ROUND(G16*I16,-3) -> 9002000 | L16: =J16+K16 -> 174627000
A17: 8 | B17: Cáp CV 1C-120mm2 từ máy phát điện tới ngăn ATS của MSB-B.1 | C17: 120 | D17: 2 | E17: Cadisun- Việt Nam | F17: m | G17: 22 | H17: 266500 | I17: 21300 | J17: =ROUND(G17*H17,-3) -> 5863000 | K17: =ROUND(G17*I17,-3) -> 469000 | L17: =J17+K17 -> 6332000 | M17: Bổ sung dây tiếp địa
A18: 9 | B18: Cáp CXV 11x1C-300mm² từ máy phát điện tới ngăn ATS của MSB-B.2 | C18: 300 | D18: 22 | E18: Cadisun- Việt Nam | F18: m | G18: 28 | H18: 7528400 | I18: 409200 | J18: =ROUND(G18*H18,-3) -> 210795000 | K18: =ROUND(G18*I18,-3) -> 11458000 | L18: =J18+K18 -> 222253000
A19: 10 | B19: Cáp CV 1C-120mm2 từ máy phát điện tới ngăn ATS của MSB-B.2 | C19: 120 | D19: 2 | E19: Cadisun- Việt Nam | F19: m | G19: 28 | H19: 266500 | I19: 21300 | J19: =ROUND(G19*H19,-3) -> 7462000 | K19: =ROUND(G19*I19,-3) -> 596000 | L19: =J19+K19 -> 8058000 | M19: Bổ sung dây tiếp địa
A20: 11 | B20: Cáp CXV 12x1C-300mm2 từ trạm biến áp tới ngăn ATS của MSB | E20: Cadisun- Việt Nam | F20: m | G20: 0 | H20: 8212800 | I20: 446400 | J20: =ROUND(G20*H20,-3) -> 0 | K20: =ROUND(G20*I20,-3) -> 0 | L20: =J20+K20 -> 0
A21: 12 | B21: Cáp CXV 11x1C-300mm2 từ trạm biến áp tới ngăn ATS của MSB-A | C21: 300 | D21: 22 | E21: Cadisun- Việt Nam | F21: m | G21: 19 | H21: 7528400 | I21: 409200 | J21: =ROUND(G21*H21,-3) -> 143040000 | K21: =ROUND(G21*I21,-3) -> 7775000 | L21: =J21+K21 -> 150815000
A22: 13 | B22: Cáp CV 1C-120mm2 từ máy phát điện tới ngăn ATS của MSB-A.1 | C22: 120 | D22: 2 | E22: Cadisun- Việt Nam | F22: m | G22: 19 | H22: 266500 | I22: 21300 | J22: =ROUND(G22*H22,-3) -> 5064000 | K22: =ROUND(G22*I22,-3) -> 405000 | L22: =J22+K22 -> 5469000 | M22: Bổ sung dây tiếp địa
A23: 14 | B23: Cáp CXV 8x1C-185mm2 từ MSB-A tới MSB-A.1 | C23: 185 | D23: 16 | E23: Cadisun- Việt Nam | F23: m | G23: 14 | H23: 3331200 | I23: 223200 | J23: =ROUND(G23*H23,-3) -> 46637000 | K23: =ROUND(G23*I23,-3) -> 3125000 | L23: =J23+K23 -> 49762000
A24: 15 | B24: Cáp CV 1C-120mm2 từ máy phát điện tới ngăn ATS của MSB-A.1 | C24: 120 | D24: 2 | E24: Cadisun- Việt Nam | F24: m | G24: 14 | H24: 266500 | I24: 21300 | J24: =ROUND(G24*H24,-3) -> 3731000 | K24: =ROUND(G24*I24,-3) -> 298000 | L24: =J24+K24 -> 4029000 | M24: Bổ sung dây tiếp địa
A25: 16 | B25: Cáp CXV 8x1C-185mm2 từ MSB-A tới MSB-A.2 | C25: 185 | D25: 16 | E25: Cadisun- Việt Nam | F25: m | G25: 16 | H25: 3331200 | I25: 223200 | J25: =ROUND(G25*H25,-3) -> 53299000 | K25: =ROUND(G25*I25,-3) -> 3571000 | L25: =J25+K25 -> 56870000
A26: 17 | B26: Cáp CV 1C-120mm2 từ máy phát điện tới ngăn ATS của MSB-A.2 | C26: 120 | D26: 2 | E26: Cadisun- Việt Nam | F26: m | G26: 16 | H26: 266500 | I26: 21300 | J26: =ROUND(G26*H26,-3) -> 4264000 | K26: =ROUND(G26*I26,-3) -> 341000 | L26: =J26+K26 -> 4605000 | M26: Bổ sung dây tiếp địa
A27: 18 | B27: Cáp CXV 4C-10mm2 | E27: Cadisun- Việt Nam | F27: m | G27: 0 | H27: 185000 | I27: 23200 | J27: =ROUND(G27*H27,-3) -> 0 | K27: =ROUND(G27*I27,-3) -> 0 | L27: =J27+K27 -> 0
A28: 19 | B28: Cáp CXV 15x1C-300mm2 từ trạm biến áp tới ngăn ATS của MSB-B | E28: Cadisun- Việt Nam | F28: m | G28: 0 | H28: 10266000 | I28: 558000 | J28: =ROUND(G28*H28,-3) -> 0 | K28: =ROUND(G28*I28,-3) -> 0 | L28: =J28+K28 -> 0
A29: 20 | B29: Cáp CXV 18x1C-300mm2 từ trạm biến áp tới ngăn ATS của MSB-B | C29: 300 | D29: 36 | E29: Cadisun- Việt Nam | F29: m | G29: 19 | H29: 12319200 | I29: 669600 | J29: =ROUND(G29*H29,-3) -> 234065000 | K29: =ROUND(G29*I29,-3) -> 12722000 | L29: =J29+K29 -> 246787000
A30: 21 | B30: Cáp CV 1C-120mm2 từ máy phát điện tới ngăn ATS của MSB-B | C30: 120 | D30: 2 | E30: Cadisun- Việt Nam | F30: m | G30: 19 | H30: 266500 | I30: 21300 | J30: =ROUND(G30*H30,-3) -> 5064000 | K30: =ROUND(G30*I30,-3) -> 405000 | L30: =J30+K30 -> 5469000 | M30: Bổ sung dây tiếp địa
A31: 22 | B31: Cáp CXV 11x1C-300mm2 từ MSB-B tới MSB-B.1 | C31: 300 | D31: 22 | E31: Cadisun- Việt Nam | F31: m | G31: 14 | H31: 7528400 | I31: 409200 | J31: =ROUND(G31*H31,-3) -> 105398000 | K31: =ROUND(G31*I31,-3) -> 5729000 | L31: =J31+K31 -> 111127000
A32: 23 | B32: Cáp CV 1C-120mm2 từ máy phát điện tới ngăn ATS của MSB-B.1 | C32: 120 | D32: 2 | E32: Cadisun- Việt Nam | F32: m | G32: 14 | H32: 266500 | I32: 21300 | J32: =ROUND(G32*H32,-3) -> 3731000 | K32: =ROUND(G32*I32,-3) -> 298000 | L32: =J32+K32 -> 4029000 | M32: Bổ sung dây tiếp địa
A33: 24 | B33: Cáp CXV 11x1C-300mm2 từ MSB-B tới MSB-B.2 | C33: 300 | D33: 22 | E33: Cadisun- Việt Nam | F33: m | G33: 16 | H33: 7528400 | I33: 409200 | J33: =ROUND(G33*H33,-3) -> 120454000 | K33: =ROUND(G33*I33,-3) -> 6547000 | L33: =J33+K33 -> 127001000
A34: 25 | B34: Cáp CV 1C-120mm2 từ máy phát điện tới ngăn ATS của MSB-B.2 | C34: 120 | D34: 2 | E34: Cadisun- Việt Nam | F34: m | G34: 16 | H34: 266500 | I34: 21300 | J34: =ROUND(G34*H34,-3) -> 4264000 | K34: =ROUND(G34*I34,-3) -> 341000 | L34: =J34+K34 -> 4605000 | M34: Bổ sung dây tiếp địa
A35: 26 | B35: Cáp CVV 2C_6mm2 | E35: Cadisun- Việt Nam | F35: m | G35: 0 | H35: 31300 | I35: 9300 | J35: =ROUND(G35*H35,-3) -> 0 | K35: =ROUND(G35*I35,-3) -> 0 | L35: =J35+K35 -> 0
A36: 27 | B36: Cáp CXV 2x1C-300mm2 từ trạm biến áp tới ngăn ATS của MSB | E36: Cadisun- Việt Nam | F36: m | G36: 0 | H36: 1368700 | I36: 74400 | J36: =ROUND(G36*H36,-3) -> 0 | K36: =ROUND(G36*I36,-3) -> 0 | L36: =J36+K36 -> 0
A37: 28 | B37: Cáp CXV 4C_50mm2 | E37: Cadisun- Việt Nam | F37: m | G37: 0 | H37: 444200 | I37: 79000 | J37: =ROUND(G37*H37,-3) -> 0 | K37: =ROUND(G37*I37,-3) -> 0 | L37: =J37+K37 -> 0
A38: 29 | B38: Ống xoẳn ruột gà HDPE D195/170mm | E38: TC- Việt Nam | F38: m | G38: 75 | H38: 96800 | I38: 26900 | J38: =ROUND(G38*H38,-3) -> 7260000 | K38: =ROUND(G38*I38,-3) -> 2018000 | L38: =J38+K38 -> 9278000
A39: 30 | B39: Đào và lấp đất bao gồm cát, gạch, … | E39: Việt Nam | F39: m3 | G39: 16 | H39: 0 | I39: 139500 | J39: =ROUND(G39*H39,-3) -> 0 | K39: =ROUND(G39*I39,-3) -> 2232000 | L39: =J39+K39 -> 2232000
A40: 31 | B40: Thang cáp 500x200x1.5mm ( không nắp ) | E40: VN | F40: m | G40: 75 | H40: 310600 | I40: 79000 | J40: =ROUND(G40*H40,-3) -> 23295000 | K40: =ROUND(G40*I40,-3) -> 5925000 | L40: =J40+K40 -> 29220000
A41: 32 | B41: Dây đồng trần tiếp địa tủ điện máy phát 240mm² | E41: Cadisun- Việt Nam | F41: m | G41: 50 | H41: 494900 | I41: 32500 | J41: =ROUND(G41*H41,-3) -> 24745000 | K41: =ROUND(G41*I41,-3) -> 1625000 | L41: =J41+K41 -> 26370000
A42: 33 | B42: Dây đồng trần tiếp địa tủ điện MSB 240mm² | E42: Cadisun- Việt Nam | F42: m | G42: 50 | H42: 494900 | I42: 32500 | J42: =ROUND(G42*H42,-3) -> 24745000 | K42: =ROUND(G42*I42,-3) -> 1625000 | L42: =J42+K42 -> 26370000
A43: 34 | B43: Phụ kiện thang máng cáp | F43: lô | G43: 1 | H43: 2339300 | I43: 465000 | J43: =ROUND(G43*H43,-3) -> 2339000 | K43: =ROUND(G43*I43,-3) -> 465000 | L43: =J43+K43 -> 2804000
A44: 35 | B44: Vật tư phụ: Đầu cos, dây rút….. và vật tư tiêu hao hoàn thiện công việc | F44: lô | G44: 1 | H44: 1871500 | I44: 930000 | J44: =ROUND(G44*H44,-3) -> 1872000 | K44: =ROUND(G44*I44,-3) -> 930000 | L44: =J44+K44 -> 2802000
A45: II | B45: TỦ ĐIỆN PHÂN PHỐI CHÍNH MSB | H45: 0 | I45: 0 | J45: =SUM(J47:J76) -> 1699688000 | K45: =SUM(K47:K76) -> 916202000 | L45: =SUM(L47:L76) -> 2615890000
B46: MSB-A | H46: 0 | I46: 0
A47: 1 | B47: Cáp CXV 4x(1C_120mm2) Từ tủ MSB-A đến tủ MDB-1A | C47: 120 | D47: 8 | E47: Cadisun- Việt Nam | F47: m | G47: 17 | H47: 1078200 | I47: 85500 | J47: =ROUND(G47*H47,-3) -> 18329000 | K47: =ROUND(G47*I47,-3) -> 1454000 | L47: =J47+K47 -> 19783000 | M47: Thay đổi từ CXV 150 sang CXV 120
A48: 2 | B48: Cáp CV 1C_50mm2 Từ tủ MSB-A đến tủ MDB-1A | C48: 50 | D48: 2 | E48: Cadisun- Việt Nam | F48: m | G48: 17 | H48: 107000 | I48: 19900 | J48: =ROUND(G48*H48,-3) -> 1819000 | K48: =ROUND(G48*I48,-3) -> 338000 | L48: =J48+K48 -> 2157000 | M48: Thay đổi từ CXV 70 sang CXV 50
A49: 3 | B49: Cáp LV ABC 4x240mm2 Từ MSB-A đến MDB-2A | C49: 240 | D49: 8 | E49: Cadisun- Việt Nam | F49: m | G49: 203 | H49: 236400 | I49: 120900 | J49: =ROUND(G49*H49,-3) -> 47989000 | K49: =ROUND(G49*I49,-3) -> 24543000 | L49: =J49+K49 -> 72532000 | M49: Thay đổi cáp từ ABC 150 sang ABC 240
A50: 4 | B50: Cáp LV ABC 4x150mm2 Từ MSB-A đến MDB-3A | E50: Cadisun- Việt Nam | F50: m | G50: 0 | H50: 148500 | I50: 97600 | J50: =ROUND(G50*H50,-3) -> 0 | K50: =ROUND(G50*I50,-3) -> 0 | L50: =J50+K50 -> 0
A51: 5 | B51: Cáp LV ABC 4x185mm2 Từ MSB-A đến MDB-3A | C51: 185 | D51: 8 | E51: Cadisun- Việt Nam | F51: m | G51: 503 | H51: 184000 | I51: 106900 | J51: =ROUND(G51*H51,-3) -> 92552000 | K51: =ROUND(G51*I51,-3) -> 53771000 | L51: =J51+K51 -> 146323000
A52: 6 | B52: Cáp LV ABC 4x95mm2 Từ MSB-A đến DB-4.1 | C52: 95 | D52: 8 | E52: Cadisun- Việt Nam | F52: m | G52: 337 | H52: 98400 | I52: 83700 | J52: =ROUND(G52*H52,-3) -> 33161000 | K52: =ROUND(G52*I52,-3) -> 28207000 | L52: =J52+K52 -> 61368000
A53: 7 | B53: Cáp LV ABC 4x95mm2 Từ MSB-A đến DB-4.2 | C53: 95 | D53: 8 | E53: Cadisun- Việt Nam | F53: m | G53: 398 | H53: 98400 | I53: 83700 | J53: =ROUND(G53*H53,-3) -> 39163000 | K53: =ROUND(G53*I53,-3) -> 33313000 | L53: =J53+K53 -> 72476000
A54: 8 | B54: Cáp LV ABC 4x240mm2 Từ MSB-A đến DB-5.1 | C54: 240 | D54: 8 | E54: Cadisun- Việt Nam | F54: m | G54: 234 | H54: 236400 | I54: 120900 | J54: =ROUND(G54*H54,-3) -> 55318000 | K54: =ROUND(G54*I54,-3) -> 28291000 | L54: =J54+K54 -> 83609000 | M54: Thay đổi cáp từ ABC 185 sang ABC 240
A55: 9 | B55: Cáp LV ABC 4x240mm2 Từ MSB-A đến DB-5.2 | C55: 240 | D55: 8 | E55: Cadisun- Việt Nam | F55: m | G55: 324 | H55: 236400 | I55: 120900 | J55: =ROUND(G55*H55,-3) -> 76594000 | K55: =ROUND(G55*I55,-3) -> 39172000 | L55: =J55+K55 -> 115766000 | M55: Thay đổi cáp từ ABC 185 sang ABC 240
B56: MSB-B | H56: 0 | I56: 0
A57: 1 | B57: Cáp CXV 4x(1C_150mm2) Từ tủ MSB-B đến tủ MDB-1B | C57: 150 | D57: 8 | E57: Cadisun- Việt Nam | F57: m | G57: 17 | H57: 1339200 | I57: 98500 | J57: =ROUND(G57*H57,-3) -> 22766000 | K57: =ROUND(G57*I57,-3) -> 1675000 | L57: =J57+K57 -> 24441000
A58: 2 | B58: Cáp CV 1C_95mm2 Từ tủ MSB-B đến tủ MDB-1B | C58: 95 | D58: 2 | E58: Cadisun- Việt Nam | F58: m | G58: 17 | H58: 212100 | I58: 20900 | J58: =ROUND(G58*H58,-3) -> 3606000 | K58: =ROUND(G58*I58,-3) -> 355000 | L58: =J58+K58 -> 3961000
A59: 3 | B59: Cáp LV ABC 4x300mm2 Từ MSB-B đến MDB-2B ( không sản xuất- chuyển sang 2x(4x150) | C59: 300 | D59: 8 | E59: Cadisun- Việt Nam | F59: m | G59: 382 | H59: 297100 | I59: 195300 | J59: =ROUND(G59*H59,-3) -> 113492000 | K59: =ROUND(G59*I59,-3) -> 74605000 | L59: =J59+K59 -> 188097000 | M59: Thay đổi cáp từ ABC 120 sang ABC 300
A60: 4 | B60: Cáp LV ABC 4x240mm2 Từ MSB-B đến MDB-3B | E60: Cadisun- Việt Nam | F60: m | G60: 0 | H60: 236400 | I60: 120900 | J60: =ROUND(G60*H60,-3) -> 0 | K60: =ROUND(G60*I60,-3) -> 0 | L60: =J60+K60 -> 0
A61: 5 | B61: Cáp LV ABC 4x150mm2 Từ MSB-B đến MDB-3B.1 | C61: 150 | D61: 8 | E61: Cadisun- Việt Nam | F61: m | G61: 541 | H61: 148500 | I61: 97600 | J61: =ROUND(G61*H61,-3) -> 80339000 | K61: =ROUND(G61*I61,-3) -> 52802000 | L61: =J61+K61 -> 133141000
A62: 6 | B62: Cáp LV ABC 4x150mm2 Từ MSB-B đến MDB-3B.2 | C62: 150 | D62: 8 | E62: Cadisun- Việt Nam | F62: m | G62: 581 | H62: 148500 | I62: 97600 | J62: =ROUND(G62*H62,-3) -> 86279000 | K62: =ROUND(G62*I62,-3) -> 56706000 | L62: =J62+K62 -> 142985000
A63: 7 | B63: Cáp LV ABC 4x240mm2 Từ MSB-B đến MDB-4B | C63: 240 | D63: 8 | E63: Cadisun- Việt Nam | F63: m | G63: 490 | H63: 236400 | I63: 120900 | J63: =ROUND(G63*H63,-3) -> 115836000 | K63: =ROUND(G63*I63,-3) -> 59241000 | L63: =J63+K63 -> 175077000
A64: 8 | B64: Cáp LV ABC 4x240mm2 Từ MSB-B đến MDB-5B | C64: 240 | D64: 8 | E64: Cadisun- Việt Nam | F64: m | G64: 546 | H64: 236400 | I64: 120900 | J64: =ROUND(G64*H64,-3) -> 129074000 | K64: =ROUND(G64*I64,-3) -> 66011000 | L64: =J64+K64 -> 195085000
A65: 9 | B65: Cáp LV ABC 2x(4x185mm2) Từ MSB-B đến MDB-6B | C65: 185 | D65: 16 | E65: Cadisun- Việt Nam | F65: m | G65: =1252/2 -> 626 | H65: 368200 | I65: 213900 | J65: =ROUND(G65*H65,-3) -> 230493000 | K65: =ROUND(G65*I65,-3) -> 133901000 | L65: =J65+K65 -> 364394000
A66: 10 | B66: Cáp LV ABC 4x150mm2 Từ tủ MSB-B đến tủ DB-06.1 | C66: 150 | D66: 8 | E66: Cadisun- Việt Nam | F66: m | G66: 328 | H66: 148500 | I66: 97600 | J66: =ROUND(G66*H66,-3) -> 48708000 | K66: =ROUND(G66*I66,-3) -> 32013000 | L66: =J66+K66 -> 80721000
A67: 11 | B67: Cáp LV ABC 4x150mm2 Từ tủ MSB-B đến tủ DB-06.2 | C67: 150 | D67: 8 | E67: Cadisun- Việt Nam | F67: m | G67: 330 | H67: 148500 | I67: 97600 | J67: =ROUND(G67*H67,-3) -> 49005000 | K67: =ROUND(G67*I67,-3) -> 32208000 | L67: =J67+K67 -> 81213000
B68: VẬT TƯ KHÁC | H68: 0 | I68: 0
A69: 1 | B69: Trụ điện BTLT 8.5m | E69: Việt Nam | F69: cột | G69: 48 | H69: 2526500 | I69: 1395000 | J69: =ROUND(G69*H69,-3) -> 121272000 | K69: =ROUND(G69*I69,-3) -> 66960000 | L69: =J69+K69 -> 188232000
A70: 2 | B70: Trụ điện đôi BLTL 8.5m | E70: Việt Nam | F70: cột | G70: 13 | H70: 5053000 | I70: 2790000 | J70: =ROUND(G70*H70,-3) -> 65689000 | K70: =ROUND(G70*I70,-3) -> 36270000 | L70: =J70+K70 -> 101959000 | M70: Bổ sung theo bản vẽ mới 7/4/2023
A71: 3 | B71: Đào và lấp đất | E71: Việt Nam | F71: m3 | G71: 64.208 | H71: 0 | I71: 139500 | J71: =ROUND(G71*H71,-3) -> 0 | K71: =ROUND(G71*I71,-3) -> 8957000 | L71: =J71+K71 -> 8957000
A72: 4 | B72: Hố ga điện 1200x1200 | E72: Việt Nam | F72: hố | G72: 7 | H72: 3766300 | I72: 465000 | J72: =ROUND(G72*H72,-3) -> 26364000 | K72: =ROUND(G72*I72,-3) -> 3255000 | L72: =J72+K72 -> 29619000
A73: 5 | B73: Thang cáp 400x200x1.5mm ( không nắp ) | E73: VN | F73: m | G73: 788 | H73: 191700 | I73: 69700 | J73: =ROUND(G73*H73,-3) -> 151060000 | K73: =ROUND(G73*I73,-3) -> 54924000 | L73: =J73+K73 -> 205984000
A74: 6 | B74: Thang cáp 200x100x1.5mm ( không nắp ) | E74: VN | F74: m | G74: 357 | H74: 107500 | I74: 37200 | J74: =ROUND(G74*H74,-3) -> 38378000 | K74: =ROUND(G74*I74,-3) -> 13280000 | L74: =J74+K74 -> 51658000
A75: 7 | B75: Phụ kiện thang máng cáp | F75: lô | G75: 1 | H75: 36260300 | I75: 9300000 | J75: =ROUND(G75*H75,-3) -> 36260000 | K75: =ROUND(G75*I75,-3) -> 9300000 | L75: =J75+K75 -> 45560000
A76: 8 | B76: Vật tư phụ: Đầu cos, dây rút….. và vật tư tiêu hao hoàn thiện công việc | F76: lô | G76: 1 | H76: 16141600 | I76: 4650000 | J76: =ROUND(G76*H76,-3) -> 16142000 | K76: =ROUND(G76*I76,-3) -> 4650000 | L76: =J76+K76 -> 20792000
A77: III | B77: TỦ ĐIỆN PHÂN PHỐI MDB-1A | H77: 0 | I77: 0 | J77: =SUM(J78:J98) -> 89271100 | K77: =SUM(K78:K98) -> 74376000 | L77: =SUM(L78:L98) -> 163647100
A78: 1 | B78: Cáp LV ABC 4x25mm2 Từ MDB-1A đến DB-1 | C78: 25 | D78: 8 | E78: Cadisun- Việt Nam | F78: m | G78: 107 | H78: 29400 | I78: 46500 | J78: =ROUND(G78*H78,-3) -> 3146000 | K78: =ROUND(G78*I78,-3) -> 4976000 | L78: =J78+K78 -> 8122000
A79: 2 | B79: Cáp CV 1C_16mm2 Từ tủ MDB-1A đến tủ DB-1 | C79: 16 | D79: 2 | E79: Cadisun- Việt Nam | F79: m | G79: 107 | H79: 36500 | I79: 9300 | J79: =ROUND(G79*H79,-3) -> 3906000 | K79: =ROUND(G79*I79,-3) -> 995000 | L79: =J79+K79 -> 4901000
A80: 3 | B80: Cáp LV ABC 4x35mm2 Từ MDB-1A đến DB-2 | C80: 35 | D80: 8 | E80: Cadisun- Việt Nam | F80: m | G80: 483 | H80: 38200 | I80: 60400 | J80: =ROUND(G80*H80,-3) -> 18451000 | K80: =ROUND(G80*I80,-3) -> 29173000 | L80: =J80+K80 -> 47624000
A81: 4 | B81: Cáp LV ABC 4x25mm2 Từ MDB-1A đến DB-3 | E81: Cadisun- Việt Nam | F81: m | G81: 0 | H81: 29400 | I81: 46500 | J81: =ROUND(G81*H81,-3) -> 0 | K81: =ROUND(G81*I81,-3) -> 0 | L81: =J81+K81 -> 0
A82: 5 | B82: Cáp LV ABC 4x16mm2 Từ MDB-1A đến DB-17 | C82: 16 | D82: 8 | E82: Cadisun- Việt Nam | F82: m | G82: 389 | H82: 20700 | I82: 37200 | J82: =ROUND(G82*H82,-3) -> 8052000 | K82: =ROUND(G82*I82,-3) -> 14471000 | L82: =J82+K82 -> 22523000
A83: 6 | B83: Cáp CXV 4x1C_10mm2 Từ tủ MDB-1A đến tủ DB-18 | C83: 10 | E83: Cadisun- Việt Nam | F83: m | G83: 0 | H83: 97600 | I83: 23200 | J83: =ROUND(G83*H83,-3) -> 0 | K83: =ROUND(G83*I83,-3) -> 0 | L83: =J83+K83 -> 0
A84: 7 | B84: Cáp LV ABC 4x25mm2 Từ tủ MDB-1A đến tủ DB-18 | C84: 25 | D84: 8 | E84: Cadisun- Việt Nam | F84: m | G84: 82 | H84: 29400 | I84: 46500 | J84: =ROUND(G84*H84,-3) -> 2411000 | K84: =ROUND(G84*I84,-3) -> 3813000 | L84: =J84+K84 -> 6224000 | M84: Chuyển cáp từ CXV 16 sang cáp ABC 25
A85: 8 | B85: Cáp CV 1C_10mm2 Từ tủ MDB-1A đến tủ DB-18 | C85: 10 | E85: Cadisun- Việt Nam | F85: m | G85: 0 | H85: 24300 | I85: 5500 | J85: =ROUND(G85*H85,-3) -> 0 | K85: =ROUND(G85*I85,-3) -> 0 | L85: =J85+K85 -> 0
A86: 9 | B86: Cáp CV 1C_16mm2 Từ tủ MDB-1A đến tủ DB-18 | C86: 16 | D86: 2 | E86: Cadisun- Việt Nam | F86: m | G86: 82 | H86: 36500 | I86: 9300 | J86: =ROUND(G86*H86,-3) -> 2993000 | K86: =ROUND(G86*I86,-3) -> 763000 | L86: =J86+K86 -> 3756000
A87: 10 | B87: Cáp CXV 4x1C_10mm2 Từ tủ MDB-1A đến tủ DB-19 | C87: 10 | E87: Cadisun- Việt Nam | F87: m | G87: 0 | H87: 97600 | I87: 23200 | J87: =ROUND(G87*H87,-3) -> 0 | K87: =ROUND(G87*I87,-3) -> 0 | L87: =J87+K87 -> 0
A88: 11 | B88: Cáp CXV 4C_16mm2 Từ tủ MDB-1A đến tủ DB-19 | C88: 16 | D88: 8 | E88: Cadisun- Việt Nam | F88: m | G88: 118 | H88: 153300 | I88: 37200 | J88: =ROUND(G88*H88,-3) -> 18089000 | K88: =ROUND(G88*I88,-3) -> 4390000 | L88: =J88+K88 -> 22479000
A89: 12 | B89: Cáp CV 1C_10mm2 Từ tủ MDB-1A đến tủ DB-19 | C89: 10 | E89: Cadisun- Việt Nam | F89: m | G89: 0 | H89: 24300 | I89: 5500 | J89: =ROUND(G89*H89,-3) -> 0 | K89: =ROUND(G89*I89,-3) -> 0 | L89: =J89+K89 -> 0
A90: 13 | B90: Cáp CV 1C_16mm2 Từ tủ MDB-1A đến tủ DB-19 | C90: 16 | D90: 2 | E90: Cadisun- Việt Nam | F90: m | G90: 127 | H90: 36500 | I90: 9300 | J90: =ROUND(G90*H90,-3) -> 4636000 | K90: =ROUND(G90*I90,-3) -> 1181000 | L90: =J90+K90 -> 5817000
A91: 14 | B91: Cáp LV ABC 4x16mm2 Từ tủ MDB-1A đến tủ DB-20 | C91: 16 | D91: 8 | E91: Cadisun- Việt Nam | F91: m | G91: 119 | H91: 20700 | I91: 37200 | J91: =ROUND(G91*H91,-3) -> 2463000 | K91: =ROUND(G91*I91,-3) -> 4427000 | L91: =J91+K91 -> 6890000 | M91: Chuyển cáp từ CXV 10 sang cáp ABC 16
A92: 15 | B92: Cáp CV 1C_16mm2 Từ tủ MDB-1A đến tủ DB-20 | C92: 16 | D92: 2 | E92: Cadisun- Việt Nam | F92: m | G92: 119 | H92: 36500 | I92: 9300 | J92: =ROUND(G92*H92,-3) -> 4344000 | K92: =ROUND(G92*I92,-3) -> 1107000 | L92: =J92+K92 -> 5451000 | M92: Chuyển cáp từ CV 10 sang cáp CV 16
A93: 16 | B93: Cáp LV ABC 4x16mm2 Từ MDB-1A đến DB-29 | C93: 16 | E93: Cadisun- Việt Nam | F93: m | G93: 0 | H93: 20700 | I93: 37200 | J93: =ROUND(G93*H93,-3) -> 0 | K93: =ROUND(G93*I93,-3) -> 0 | L93: =J93+K93 -> 0 | M93: Bản vẽ mới chuyển sang lấy nguồn tủ MDB 3A
A94: 17 | B94: Cáp CXV 4Cx6mm2 Từ tủ MDB-1A đến tủ LCP-EX-A | C94: 6 | D94: 8 | E94: Cadisun- Việt Nam | F94: m | G94: 230 | H94: 64100 | I94: 18600 | J94: =ROUND(G94*H94,-3) -> 14743000 | K94: =ROUND(G94*I94,-3) -> 4278000 | L94: =J94+K94 -> 19021000
A95: 18 | B95: Cáp CV 1C_6mm2 Từ tủ MDB-1A đến tủ LCP-EX-A | C95: 6 | D95: 2 | E95: Cadisun- Việt Nam | F95: m | G95: 230 | H95: 14900 | I95: 5100 | J95: =ROUND(G95*H95,-3) -> 3427000 | K95: =ROUND(G95*I95,-3) -> 1173000 | L95: =J95+K95 -> 4600000
A96: 19 | B96: Ống xoẳn ruột gà HDPE D85/65 | E96: TC- Việt Nam | F96: m | G96: 41 | H96: 24300 | I96: 12500 | J96: =ROUND(G96*H96,-3) -> 996000 | K96: =ROUND(G96*I96,-3) -> 513000 | L96: =J96+K96 -> 1509000
A97: 20 | B97: Đào và lấp đất | E97: Việt Nam | F97: m3 | G97: 19 | H97: 0 | I97: 139500 | J97: =ROUND(G97*H97,-3) -> 0 | K97: =ROUND(G97*I97,-3) -> 2651000 | L97: =J97+K97 -> 2651000
A98: 21 | B98: Vật tư phụ: Đầu cos, dây rút….. và vật tư tiêu hao hoàn thiện công việc | F98: lô | G98: 1 | H98: 1614100 | I98: 465000 | J98: =G98*H98 -> 1614100 | K98: =G98*I98 -> 465000 | L98: =J98+K98 -> 2079100
A99: IV | B99: TỦ ĐIỆN PHÂN PHỐI MDB-2A | H99: 0 | I99: 0 | J99: =SUM(J100:J110) -> 36270100 | K99: =SUM(K100:K110) -> 27874000 | L99: =SUM(L100:L110) -> 64144100
A100: 1 | B100: Cáp CXV 4x1C_16mm2 Từ tủ MDB-2A đến tủ DB-13 | C100: 16 | D100: 8 | E100: Cadisun- Việt Nam | F100: m | G100: 58 | H100: 153300 | I100: 37200 | J100: =ROUND(G100*H100,-3) -> 8891000 | K100: =ROUND(G100*I100,-3) -> 2158000 | L100: =J100+K100 -> 11049000
...

Sheet 02.HỆ THỐNG CHIẾU SÁNG NGOÀI
A1: CHI TIẾT DỰ TOÁN
B2: =BIA!B14 -> CÔNG TRÌNH: TRANG TRẠI CHĂN NUÔI LỢN CÔNG NGHỆ CAO TẠI XÃ QUẢNG SƠN, HUYỆN HẢI HÀ
B3: =BIA!B15 -> ĐỊA ĐIỂM: XÃ QUẢNG SƠN, HUYỆN HẢI HÀ, TỈNH QUẢNG NINH
B4: =BIA!B16 -> CHỦ ĐẦU TƯ: CÔNG TY CỔ PHẦN CHĂN NUÔI GREENTECH
B5: NHÀ THẦU ĐIỆN : CÔNG TY TNHH KỸ THUẬT ĐIỆN VÀ CÔNG NGHỆ MÔI TRƯỜNG DH
B6: HẠNG MỤC P2-02: HỆ THỐNG CHIẾU SÁNG NGOÀI
A7: STT | B7: NỘI DUNG CÔNG VIỆC | C7: XUẤT XỨ | D7: ĐVT | E7: Khối Lượng | F7: ĐƠN GIÁ | H7: Thành tiền | J7: Tổng Khối lượng | K7: GHI CHÚ
F8: Vật tư | G8: Nhân công | H8: Vật tư | I8: Nhân công
A9: A | B9: CHIẾU SÁNG KHU VỰC NGOẠI KHU CHUỒNG TRẠI | H9: =SUM(H10:H16) -> 434358500 | I9: =SUM(I10:I16) -> 74539500 | J9: =SUM(J10:J16) -> 508898000
A10: 1 | B10: Đèn pha led 100W công nghiệp IP65 kèm bộ sạc NLMT gắn trụ | C10: Duhal- Việt Nam | D10: bộ | E10: 4 | F10: 2926000 | G10: 232500 | H10: =E10*F10 -> 11704000 | I10: =E10*G10 -> 930000 | J10: =SUM(H10,I10) -> 12634000
A11: =A10+1 -> 2 | B11: Đèn pha led 100W công nghiệp IP65 kèm bộ sạc NLMT gắn vách | C11: Duhal- Việt Nam | D11: bộ | E11: 75 | F11: 2926000 | G11: 232500 | H11: =E11*F11 -> 219450000 | I11: =E11*G11 -> 17437500 | J11: =SUM(H11,I11) -> 236887500
A12: =A11+1 -> 3 | B12: Móng trụ đèn 800x800 | C12: Vn | D12: Cái | E12: 4 | F12: 1584100 | G12: 465000 | H12: =E12*F12 -> 6336400 | I12: =E12*G12 -> 1860000 | J12: =SUM(H12,I12) -> 8196400
A13: =A12+1 -> 4 | B13: Trụ đèn tròn côn cao 6m | C13: Vn | D13: Cây | E13: 4 | F13: 2731200 | G13: 604500 | H13: =E13*F13 -> 10924800 | I13: =E13*G13 -> 2418000 | J13: =SUM(H13,I13) -> 13342800
A14: =A13+1 -> 5 | B14: Cần đèn sắt tráng kẽm phi 60 cao 2 mét | C14: Vn | D14: Cây | E14: 4 | F14: 928600 | G14: 139500 | H14: =E14*F14 -> 3714400 | I14: =E14*G14 -> 558000 | J14: =SUM(H14,I14) -> 4272400
A15: =A14+1 -> 6 | B15: Vật tư phụ: Đầu cos, dây rút và vật tư tiêu hao hoàn thiện công việc | D15: Lô | E15: 11 | F15: 16387500 | G15: 4650000 | H15: =E15*F15 -> 180262500 | I15: =E15*G15 -> 51150000 | J15: =SUM(H15,I15) -> 231412500
A16: =A15+1 -> 7 | B16: Tiếp địa | D16: Hệ | E16: 4 | F16: 491600 | G16: 46500 | H16: =E16*F16 -> 1966400 | I16: =E16*G16 -> 186000 | J16: =SUM(H16,I16) -> 2152400
A17: B | B17: CHIẾU SÁNG SÂN BÓNG (2 SÂN) | F17: 0 | G17: 0 | H17: =SUM(H18:H32) -> 107584200 | I17: =SUM(I18:I32) -> 35137400 | J17: =SUM(J18:J32) -> 142721600
A18: 1 | B18: Đèn pha led 100W công nghiệp IP65 | C18: Duhal- Việt Nam | D18: bộ | E18: 12 | F18: 885200 | G18: 232500 | H18: =E18*F18 -> 10622400 | I18: =E18*G18 -> 2790000 | J18: =SUM(H18,I18) -> 13412400
A19: =A18+1 -> 2 | B19: Cáp CXV 3x(1C-2.5mm2) từ MCB tới công tắc | C19: Cadisun- Việt Nam | D19: m | E19: 30 | F19: 18500 | G19: 5500 | H19: =E19*F19 -> 555000 | I19: =E19*G19 -> 165000 | J19: =SUM(H19,I19) -> 720000
A20: =A19+1 -> 3 | B20: Cáp CXV 3x(1C-2.5mm2) từ công tắc đến chân cột | C20: Cadisun- Việt Nam | D20: m | E20: 240 | F20: 18500 | G20: 5500 | H20: =E20*F20 -> 4440000 | I20: =E20*G20 -> 1320000 | J20: =SUM(H20,I20) -> 5760000
A21: =A20+1 -> 4 | B21: Cáp CXV 3x(1C-1.5mm2) từ chân cột tới đèn | C21: Cadisun- Việt Nam | D21: m | E21: 96 | F21: 11100 | G21: 1300 | H21: =E21*F21 -> 1065600 | I21: =E21*G21 -> 124800 | J21: =SUM(H21,I21) -> 1190400
A22: =A21+1 -> 5 | B22: Công tắc đơn 1 chiều 20A | C22: Sino- Việt Nam | D22: bộ | E22: 2 | F22: 27000 | G22: 13900 | H22: =E22*F22 -> 54000 | I22: =E22*G22 -> 27800 | J22: =SUM(H22,I22) -> 81800
A23: =A22+1 -> 6 | B23: Ống xoắn ruột gà HDPE D40/30 | C23: Sino- Việt Nam | D23: m | E23: 240 | F23: 8300 | G23: 9300 | H23: =E23*F23 -> 1992000 | I23: =E23*G23 -> 2232000 | J23: =SUM(H23,I23) -> 4224000
A24: =A23+1 -> 7 | B24: Đào và lắp đất | C24: Việt Nam | D24: m3 | E24: 58 | F24: 0 | G24: 139500 | H24: =E24*F24 -> 0 | I24: =E24*G24 -> 8091000 | J24: =SUM(H24,I24) -> 8091000
A25: =A24+1 -> 8 | B25: Móng trụ đèn 800x800 | C25: VN | D25: cái | E25: 12 | F25: 1802600 | G25: 186000 | H25: =E25*F25 -> 21631200 | I25: =E25*G25 -> 2232000 | J25: =SUM(H25,I25) -> 23863200
A26: =A25+1 -> 9 | B26: Trụ đèn tròn côn cao 6m | C26: VN | D26: cây | E26: 12 | F26: 2731200 | G26: 465000 | H26: =E26*F26 -> 32774400 | I26: =E26*G26 -> 5580000 | J26: =SUM(H26,I26) -> 38354400
A27: =A26+1 -> 10 | B27: Cần đèn sắt tráng kẽm phi 60 cao 2 mét | C27: VN | D27: bộ | E27: 12 | F27: 928600 | G27: 139500 | H27: =E27*F27 -> 11143200 | I27: =E27*G27 -> 1674000 | J27: =SUM(H27,I27) -> 12817200
A28: =A27+1 -> 11 | B28: Cáp đồng trần 10mm2 | C28: Vn | D28: Mét | E28: 132 | F28: 23800 | G28: 7900 | H28: =E28*F28 -> 3141600 | I28: =E28*G28 -> 1042800 | J28: =SUM(H28,I28) -> 4184400
A29: =A28+1 -> 12 | B29: Cọc tiếp địa L=2.4m, D16 | C29: Vn | D29: Cọc | E29: 36 | F29: 218500 | G29: 46500 | H29: =E29*F29 -> 7866000 | I29: =E29*G29 -> 1674000 | J29: =SUM(H29,I29) -> 9540000
A30: =A29+1 -> 13 | B30: Hàn hóa nhiệt | C30: VN | D30: Mối | E30: 36 | F30: 163800 | G30: 186000 | H30: =E30*F30 -> 5896800 | I30: =E30*G30 -> 6696000 | J30: =SUM(H30,I30) -> 12592800
A31: =A30+1 -> 14 | B31: Hóa chất giảm điện trở | C31: VN | D31: bao | E31: 12 | F31: 305900 | G31: 46500 | H31: =E31*F31 -> 3670800 | I31: =E31*G31 -> 558000 | J31: =SUM(H31,I31) -> 4228800
A32: =A31+1 -> 15 | B32: Vật tư phụ: Đầu cos, dây rút và vật tư tiêu hao hoàn thiện công việc | D32: Lô | E32: 1 | F32: 2731200 | G32: 930000 | H32: =E32*F32 -> 2731200 | I32: =E32*G32 -> 930000 | J32: =SUM(H32,I32) -> 3661200
A33: C | B33: CHIẾU SÁNG NỘI KHU CHUỒNG TRẠI | F33: 0 | G33: 0 | H33: =SUM(H35:H63) -> 210275200 | I33: =SUM(I35:I63) -> 99663500 | J33: =SUM(J35:J63) -> 309938700
A34: I | B34: CHUỒNG HEO THỊT | F34: 0 | G34: 0
A35: 1 | B35: Đèn pha led 100W công nghiệp IP65 | C35: Duhal- Việt Nam | D35: bộ | E35: 32 | F35: 885200 | G35: 232500 | H35: =E35*F35 -> 28326400 | I35: =E35*G35 -> 7440000 | J35: =SUM(H35,I35) -> 35766400
A36: =A35+1 -> 2 | B36: Cáp Cu/PVC/PVC 3x(1C-2.5mm2) từ MCB tới đèn | C36: Cadisun- Việt Nam | D36: m | E36: 3150 | F36: 18500 | G36: 5500 | H36: =E36*F36 -> 58275000 | I36: =E36*G36 -> 17325000 | J36: =SUM(H36,I36) -> 75600000
A37: =A36+1 -> 3 | B37: Ống điện PVC D20 | C37: Sino- Việt Nam | D37: m | E37: 2900 | F37: 6800 | G37: 9300 | H37: =E37*F37 -> 19720000 | I37: =E37*G37 -> 26970000 | J37: =SUM(H37,I37) -> 46690000 | K37: Giảm số m ống
A38: =A37+1 -> 4 | B38: Vật tư phụ: Đầu cos, dây rút và vật tư tiêu hao hoàn thiện công việc | D38: Lô | E38: 1 | F38: 3348700 | G38: 465000 | H38: =E38*F38 -> 3348700 | I38: =E38*G38 -> 465000 | J38: =SUM(H38,I38) -> 3813700
A39: II | B39: CHUỒNG HEO CAI SỮA | F39: 0 | G39: 0
A40: 1 | B40: Đèn pha led 100W công nghiệp IP65 | C40: Duhal- Việt Nam | D40: bộ | E40: 6 | F40: 885200 | G40: 232500 | H40: =E40*F40 -> 5311200 | I40: =E40*G40 -> 1395000 | J40: =SUM(H40,I40) -> 6706200
A41: =A40+1 -> 2 | B41: Cáp Cu/PVC/PVC 3x(1C-2.5mm2) từ MCB tới đèn | C41: Cadisun- Việt Nam | D41: m | E41: 560 | F41: 18500 | G41: 5500 | H41: =E41*F41 -> 10360000 | I41: =E41*G41 -> 3080000 | J41: =SUM(H41,I41) -> 13440000
A42: =A41+1 -> 3 | B42: Ống điện PVC D20 | C42: Sino- Việt Nam | D42: m | E42: 520 | F42: 6800 | G42: 9300 | H42: =E42*F42 -> 3536000 | I42: =E42*G42 -> 4836000 | J42: =SUM(H42,I42) -> 8372000 | K42: Giảm số m ống
A43: =A42+1 -> 4 | B43: Vật tư phụ: Đầu cos, dây rút và vật tư tiêu hao hoàn thiện công việc | D43: Lô | E43: 1 | F43: 1638700 | G43: 465000 | H43: =E43*F43 -> 1638700 | I43: =E43*G43 -> 465000 | J43: =SUM(H43,I43) -> 2103700
A44: III | B44: CHUỒNG HEO MANG THAI | F44: 0 | G44: 0
A45: 1 | B45: Đèn pha led 100W công nghiệp IP65 | C45: Duhal- Việt Nam | D45: bộ | E45: 8 | F45: 885200 | G45: 232500 | H45: =E45*F45 -> 7081600 | I45: =E45*G45 -> 1860000 | J45: =SUM(H45,I45) -> 8941600
A46: =A45+1 -> 2 | B46: Cáp Cu/PVC/PVC 3x(1C-2.5mm2) từ MCB tới đèn | C46: Cadisun- Việt Nam | D46: m | E46: 850 | F46: 18500 | G46: 5500 | H46: =E46*F46 -> 15725000 | I46: =E46*G46 -> 4675000 | J46: =SUM(H46,I46) -> 20400000
A47: =A46+1 -> 3 | B47: Ống điện PVC D20 | C47: Sino- Việt Nam | D47: m | E47: 810 | F47: 6800 | G47: 9300 | H47: =E47*F47 -> 5508000 | I47: =E47*G47 -> 7533000 | J47: =SUM(H47,I47) -> 13041000
A48: =A47+1 -> 4 | B48: Vật tư phụ: Đầu cos, dây rút và vật tư tiêu hao hoàn thiện công việc | D48: Lô | E48: 1 | F48: 1638700 | G48: 465000 | H48: =E48*F48 -> 1638700 | I48: =E48*G48 -> 465000 | J48: =SUM(H48,I48) -> 2103700
A49: IV | B49: CHUỒNG HEO NÁI ĐẺ | F49: 0 | G49: 0
A50: 1 | B50: Đèn pha led 100W công nghiệp IP65 | C50: Duhal- Việt Nam | D50: bộ | E50: 8 | F50: 885200 | G50: 232500 | H50: =E50*F50 -> 7081600 | I50: =E50*G50 -> 1860000 | J50: =SUM(H50,I50) -> 8941600
A51: =A50+1 -> 2 | B51: Cáp Cu/PVC/PVC 3x(1C-2.5mm2) từ MCB tới đèn | C51: Cadisun- Việt Nam | D51: m | E51: 620 | F51: 18500 | G51: 5500 | H51: =E51*F51 -> 11470000 | I51: =E51*G51 -> 3410000 | J51: =SUM(H51,I51) -> 14880000
A52: =A51+1 -> 3 | B52: Ống điện PVC D20 | C52: Sino- Việt Nam | D52: m | E52: 560 | F52: 6800 | G52: 9300 | H52: =E52*F52 -> 3808000 | I52: =E52*G52 -> 5208000 | J52: =SUM(H52,I52) -> 9016000
A53: =A52+1 -> 4 | B53: Vật tư phụ: Đầu cos, dây rút và vật tư tiêu hao hoàn thiện công việc | D53: Lô | E53: 1 | F53: 1638700 | G53: 465000 | H53: =E53*F53 -> 1638700 | I53: =E53*G53 -> 465000 | J53: =SUM(H53,I53) -> 2103700
A54: V | B54: CHUỒNG PHÁT TRIỂN HẬU BỊ | F54: 0 | G54: 0
A55: 1 | B55: Đèn pha led 100W công nghiệp IP65 | C55: Duhal- Việt Nam | D55: bộ | E55: 3 | F55: 885200 | G55: 232500 | H55: =E55*F55 -> 2655600 | I55: =E55*G55 -> 697500 | J55: =SUM(H55,I55) -> 3353100
A56: =A55+1 -> 2 | B56: Cáp Cu/PVC/PVC 3x(1C-2.5mm2) từ MCB tới đèn | C56: Cadisun- Việt Nam | D56: m | E56: 390 | F56: 18500 | G56: 5500 | H56: =E56*F56 -> 7215000 | I56: =E56*G56 -> 2145000 | J56: =SUM(H56,I56) -> 9360000
A57: =A56+1 -> 3 | B57: Ống điện PVC D20 | C57: Sino- Việt Nam | D57: m | E57: 380 | F57: 6800 | G57: 9300 | H57: =E57*F57 -> 2584000 | I57: =E57*G57 -> 3534000 | J57: =SUM(H57,I57) -> 6118000
A58: =A57+1 -> 4 | B58: Vật tư phụ: Đầu cos, dây rút và vật tư tiêu hao hoàn thiện công việc | D58: Lô | E58: 1 | F58: 1638700 | G58: 465000 | H58: =E58*F58 -> 1638700 | I58: =E58*G58 -> 465000 | J58: =SUM(H58,I58) -> 2103700
A59: VI | B59: CHUỒNG HEO NỌC | F59: 0 | G59: 0
A60: 1 | B60: Đèn pha led 100W công nghiệp IP65 | C60: Duhal- Việt Nam | D60: bộ | E60: 3 | F60: 885200 | G60: 232500 | H60: =E60*F60 -> 2655600 | I60: =E60*G60 -> 697500 | J60: =SUM(H60,I60) -> 3353100
A61: =A60+1 -> 2 | B61: Cáp Cu/PVC/PVC 3x(1C-2.5mm2) từ MCB tới đèn | C61: Cadisun- Việt Nam | D61: m | E61: 300 | F61: 18500 | G61: 5500 | H61: =E61*F61 -> 5550000 | I61: =E61*G61 -> 1650000 | J61: =SUM(H61,I61) -> 7200000
A62: =A61+1 -> 3 | B62: Ống điện PVC D20 | C62: Sino- Việt Nam | D62: m | E62: 275 | F62: 6800 | G62: 9300 | H62: =E62*F62 -> 1870000 | I62: =E62*G62 -> 2557500 | J62: =SUM(H62,I62) -> 4427500
A63: =A62+1 -> 4 | B63: Vật tư phụ: Đầu cos, dây rút và vật tư tiêu hao hoàn thiện công việc | D63: Lô | E63: 1 | F63: 1638700 | G63: 465000 | H63: =E63*F63 -> 1638700 | I63: =E63*G63 -> 465000 | J63: =SUM(H63,I63) -> 2103700
A64: D | B64: CHIẾU SÁNG ĐƯỜNG LÙA HEO | F64: 0 | G64: 0 | H64: =SUM(H65:H71) -> 97486300 | I64: =SUM(I65:I71) -> 63149700 | J64: =SUM(J65:J71) -> 160636000
A65: 1 | B65: Đèn led buld 20W | C65: Duhal- Việt Nam | D65: bộ | E65: 192 | F65: 61200 | G65: 32500 | H65: =E65*F65 -> 11750400 | I65: =E65*G65 -> 6240000 | J65: =SUM(H65,I65) -> 17990400
A66: =A65+1 -> 2 | B66: Cáp Cu/PVC/PVC 3x(1C-2.5mm2) từ MCB tới công tắc | C66: Cadisun- Việt Nam | D66: m | E66: 1352 | F66: 18500 | G66: 5500 | H66: =E66*F66 -> 25012000 | I66: =E66*G66 -> 7436000 | J66: =SUM(H66,I66) -> 32448000
A67: =A66+1 -> 3 | B67: Cáp Cu/PVC/PVC 3x(1C-1.5mm2) từ công tắc tới đèn | C67: Cadisun- Việt Nam | D67: m | E67: 2885 | F67: 11100 | G67: 4100 | H67: =E67*F67 -> 32023500 | I67: =E67*G67 -> 11828500 | J67: =SUM(H67,I67) -> 43852000
A68: =A67+1 -> 4 | B68: Công tắc đơn 1 chiều 16A | C68: Sino- Việt Nam | D68: bộ | E68: 24 | F68: 18500 | G68: 13900 | H68: =E68*F68 -> 444000 | I68: =E68*G68 -> 333600 | J68: =SUM(H68,I68) -> 777600
A69: =A68+1 -> 5 | B69: Công tắc đơn 2 chiều 16A | C69: Sino- Việt Nam | D69: bộ | E69: 26 | F69: 32700 | G69: 18600 | H69: =E69*F69 -> 850200 | I69: =E69*G69 -> 483600 | J69: =SUM(H69,I69) -> 1333800
A70: =A69+1 -> 6 | B70: Ống PVC D20 | C70: Sino- Việt Nam | D70: m | E70: 3950 | F70: 6800 | G70: 9300 | H70: =E70*F70 -> 26860000 | I70: =E70*G70 -> 36735000 | J70: =SUM(H70,I70) -> 63595000
A71: =A70+1 -> 7 | B71: Vật tư phụ: Đầu cos, dây rút và vật tư tiêu hao hoàn thiện công việc | D71: Lô | E71: 1 | F71: 546200 | G71: 93000 | H71: =E71*F71 -> 546200 | I71: =E71*G71 -> 93000 | J71: =SUM(H71,I71) -> 639200
A72: E | B72: CÔNG TÁC KHÁC | F72: 0 | G72: 0 | H72: =+SUM(H74:H83) -> 21517200 | I72: =+SUM(I74:I83) -> 9325900 | J72: =+SUM(J74:J83) -> 30843100
B73: Khu cổng chính | F73: 0 | G73: 0
A74: 1 | B74: Đèn pha led 100W công nghiệp IP65 | C74: Duhal- Việt Nam | D74: bộ | E74: 2 | F74: 885200 | G74: 232500 | H74: =E74*F74 -> 1770400 | I74: =E74*G74 -> 465000 | J74: =SUM(H74,I74) -> 2235400 | K74: Update theo bản vẽ mới
A75: =A74+1 -> 2 | B75: Cáp Cu/PVC/PVC 3x(1C-2.5mm2) từ MCB tới đèn | C75: Cadisun- Việt Nam | D75: m | E75: 40 | F75: 18500 | G75: 5500 | H75: =E75*F75 -> 740000 | I75: =E75*G75 -> 220000 | J75: =SUM(H75,I75) -> 960000
A76: =A75+1 -> 3 | B76: Ống điện PVC D20 | C76: Sino- Việt Nam | D76: m | E76: 38 | F76: 6800 | G76: 9300 | H76: =E76*F76 -> 258400 | I76: =E76*G76 -> 353400 | J76: =SUM(H76,I76) -> 611800
A77: =A76+1 -> 4 | B77: Vật tư phụ: Đầu cos, dây rút và vật tư tiêu hao hoàn thiện công việc | D77: Lô | E77: 1 | F77: 1638700 | G77: 465000 | H77: =E77*F77 -> 1638700 | I77: =E77*G77 -> 465000 | J77: =SUM(H77,I77) -> 2103700
B78: Khu xuất bán | F78: 0 | G78: 0
A79: 1 | B79: Đèn pha led 100W công nghiệp IP65 | C79: Duhal- Việt Nam | D79: bộ | E79: 5 | F79: 885200 | G79: 232500 | H79: =E79*F79 -> 4426000 | I79: =E79*G79 -> 1162500 | J79: =SUM(H79,I79) -> 5588500 | K79: Update theo bản vẽ mới
A80: =A79+1 -> 2 | B80: Cáp Cu/PVC/PVC 3x(1C-2.5mm2) từ MCB tới đèn | C80: Cadisun- Việt Nam | D80: m | E80: 450 | F80: 18500 | G80: 5500 | H80: =E80*F80 -> 8325000 | I80: =E80*G80 -> 2475000 | J80: =SUM(H80,I80) -> 10800000
A81: =A80+1 -> 3 | B81: Ống điện PVC D20 | C81: Sino- Việt Nam | D81: m | E81: 400 | F81: 6800 | G81: 9300 | H81: =E81*F81 -> 2720000 | I81: =E81*G81 -> 3720000 | J81: =SUM(H81,I81) -> 6440000
A82: =A81+1 -> 4 | B82: Vật tư phụ: Đầu cos, dây rút và vật tư tiêu hao hoàn thiện công việc | D82: Lô | E82: 1 | F82: 1638700 | G82: 465000 | H82: =E82*F82 -> 1638700 | I82: =E82*G82 -> 465000 | J82: =SUM(H82,I82) -> 2103700
A86: TỔNG CỘNG A+B (trước VAT) | H86: =SUM(H9,H17,H33,H64,H72) -> 871221400 | I86: =SUM(I9,I17,I33,I64,I72) -> 281816000 | J86: =SUM(J9,J17,J33,J64,J72) -> 1153037400

Sheet 03.HỆ THỐNG TIẾP ĐỊA
A1: CHI TIẾT DỰ TOÁN
B2: =BIA!B14 -> CÔNG TRÌNH: TRANG TRẠI CHĂN NUÔI LỢN CÔNG NGHỆ CAO TẠI XÃ QUẢNG SƠN, HUYỆN HẢI HÀ
B3: =BIA!B15 -> ĐỊA ĐIỂM: XÃ QUẢNG SƠN, HUYỆN HẢI HÀ, TỈNH QUẢNG NINH
B4: =BIA!B16 -> CHỦ ĐẦU TƯ: CÔNG TY CỔ PHẦN CHĂN NUÔI GREENTECH
B5: NHÀ THẦU ĐIỆN : CÔNG TY TNHH KỸ THUẬT ĐIỆN VÀ CÔNG NGHỆ MÔI TRƯỜNG DH
B6: HẠNG MỤC P2-03: HỆ THỐNG TIẾP ĐỊA
A7: STT | B7: NỘI DUNG CÔNG VIỆC | C7: XUẤT XỨ | D7: ĐVT | E7: Khối Lượng | F7: ĐƠN GIÁ | H7: Thành tiền | J7: Tổng Khối lượng | K7: GHI CHÚ
F8: Vật tư | G8: Nhân công | H8: Vật tư | I8: Nhân công
A10: I | B10: HỆ THỐNG TIẾP ĐỊA TỦ ĐIỆN MSB-A | H10: =SUM(H11:H18) -> 9256900 | I10: =SUM(I11:I18) -> 2501700 | J10: =SUM(J11:J18) -> 11758600
A11: 1 | B11: Cáp đồng trần 70mm2 | C11: Cadisun- Việt Nam | D11: Mét | E11: 31 | F11: 154800 | G11: 19500 | H11: =E11*F11 -> 4798800 | I11: =E11*G11 -> 604500 | J11: =SUM(H11,I11) -> 5403300
A12: 2 | B12: Ống xoắn ruột gà HDPE D40/30 | C12: TC- Việt Nam | D12: Mét | E12: 12 | F12: 8300 | G12: 9300 | H12: =E12*F12 -> 99600 | I12: =E12*G12 -> 111600 | J12: =SUM(H12,I12) -> 211200
A13: 3 | B13: Cọc tiếp địa L=2.4m, D16 | C13: Ấn độ | D13: Cọc | E13: 6 | F13: 218500 | G13: 46500 | H13: =E13*F13 -> 1311000 | I13: =E13*G13 -> 279000 | J13: =SUM(H13,I13) -> 1590000
A14: 4 | B14: Hộp kiểm tra điện trở | C14: VN | D14: Cái | E14: 1 | F14: 491600 | G14: 139500 | H14: =E14*F14 -> 491600 | I14: =E14*G14 -> 139500 | J14: =SUM(H14,I14) -> 631100
A15: 5 | B15: Hàn hóa nhiệt | C15: VN | D15: Mối | E15: 6 | F15: 163800 | G15: 186000 | H15: =E15*F15 -> 982800 | I15: =E15*G15 -> 1116000 | J15: =SUM(H15,I15) -> 2098800
A16: 6 | B16: Thanh tiếp địa bằng đồng 350x50x5mm | D16: thanh | E16: 1 | F16: 109200 | G16: 18600 | H16: =E16*F16 -> 109200 | I16: =E16*G16 -> 18600 | J16: =SUM(H16,I16) -> 127800
A17: 7 | B17: Hóa chất giảm điện trở | D17: bao | E17: 3 | F17: 305900 | G17: 46500 | H17: =E17*F17 -> 917700 | I17: =E17*G17 -> 139500 | J17: =SUM(H17,I17) -> 1057200
A18: =A17+1 -> 8 | B18: Vật tư phụ | D18: lô | E18: 1 | F18: 546200 | G18: 93000 | H18: =E18*F18 -> 546200 | I18: =E18*G18 -> 93000 | J18: =SUM(H18,I18) -> 639200
A19: II | B19: HỆ THỐNG TIẾP ĐỊA TỦ ĐIỆN MSB-B | F19: 0 | G19: 0 | H19: =SUM(H20:H27) -> 9256900 | I19: =SUM(I20:I27) -> 2501700 | J19: =SUM(J20:J27) -> 11758600
A20: 1 | B20: Cáp đồng trần 70mm2 | C20: Cadisun- Việt Nam | D20: Mét | E20: 31 | F20: 154800 | G20: 19500 | H20: =E20*F20 -> 4798800 | I20: =E20*G20 -> 604500 | J20: =SUM(H20,I20) -> 5403300
A21: 2 | B21: Ống xoắn ruột gà HDPE D40/30 | C21: TC- Việt Nam | D21: Mét | E21: 12 | F21: 8300 | G21: 9300 | H21: =E21*F21 -> 99600 | I21: =E21*G21 -> 111600 | J21: =SUM(H21,I21) -> 211200
A22: 3 | B22: Cọc tiếp địa L=2.4m, D16 | C22: Ấn độ | D22: Cọc | E22: 6 | F22: 218500 | G22: 46500 | H22: =E22*F22 -> 1311000 | I22: =E22*G22 -> 279000 | J22: =SUM(H22,I22) -> 1590000
A23: 4 | B23: Hộp kiểm tra điện trở | C23: VN | D23: Cái | E23: 1 | F23: 491600 | G23: 139500 | H23: =E23*F23 -> 491600 | I23: =E23*G23 -> 139500 | J23: =SUM(H23,I23) -> 631100
A24: 5 | B24: Hàn hóa nhiệt | C24: VN | D24: Mối | E24: 6 | F24: 163800 | G24: 186000 | H24: =E24*F24 -> 982800 | I24: =E24*G24 -> 1116000 | J24: =SUM(H24,I24) -> 2098800
A25: 6 | B25: Thanh tiếp địa bằng đồng 350x50x5mm | D25: thanh | E25: 1 | F25: 109200 | G25: 18600 | H25: =E25*F25 -> 109200 | I25: =E25*G25 -> 18600 | J25: =SUM(H25,I25) -> 127800
A26: 7 | B26: Hóa chất giảm điện trở | D26: bao | E26: 3 | F26: 305900 | G26: 46500 | H26: =E26*F26 -> 917700 | I26: =E26*G26 -> 139500 | J26: =SUM(H26,I26) -> 1057200
A27: =A26+1 -> 8 | B27: Vật tư phụ | D27: lô | E27: 1 | F27: 546200 | G27: 93000 | H27: =E27*F27 -> 546200 | I27: =E27*G27 -> 93000 | J27: =SUM(H27,I27) -> 639200
A28: III | B28: HỆ THỐNG TIẾP ĐỊA TỦ ĐIỆN MDB-2A | F28: 0 | G28: 0 | H28: =SUM(H29:H35) -> 9147700 | I28: =SUM(I29:I35) -> 2483100 | J28: =SUM(J29:J35) -> 11630800
A29: 1 | B29: Cáp đồng trần 70mm2 | C29: Cadisun- Việt Nam | D29: Mét | E29: 31 | F29: 154800 | G29: 19500 | H29: =E29*F29 -> 4798800 | I29: =E29*G29 -> 604500 | J29: =SUM(H29,I29) -> 5403300
A30: 2 | B30: Ống xoắn ruột gà HDPE D50/40 | C30: TC- Việt Nam | D30: Mét | E30: 12 | F30: 8300 | G30: 9300 | H30: =E30*F30 -> 99600 | I30: =E30*G30 -> 111600 | J30: =SUM(H30,I30) -> 211200
A31: 3 | B31: Cọc tiếp địa L=2.4m, D16 | C31: Ấn độ | D31: Cọc | E31: 6 | F31: 218500 | G31: 46500 | H31: =E31*F31 -> 1311000 | I31: =E31*G31 -> 279000 | J31: =SUM(H31,I31) -> 1590000
A32: 4 | B32: Hộp kiểm tra điện trở | C32: VN | D32: Cái | E32: 1 | F32: 491600 | G32: 139500 | H32: =E32*F32 -> 491600 | I32: =E32*G32 -> 139500 | J32: =SUM(H32,I32) -> 631100
A33: 5 | B33: Hàn hóa nhiệt | C33: VN | D33: Mối | E33: 6 | F33: 163800 | G33: 186000 | H33: =E33*F33 -> 982800 | I33: =E33*G33 -> 1116000 | J33: =SUM(H33,I33) -> 2098800
A34: 6 | B34: Hóa chất giảm điện trở | D34: bao | E34: 3 | F34: 305900 | G34: 46500 | H34: =E34*F34 -> 917700 | I34: =E34*G34 -> 139500 | J34: =SUM(H34,I34) -> 1057200
A35: =A34+1 -> 7 | B35: Vật tư phụ | D35: lô | E35: 1 | F35: 546200 | G35: 93000 | H35: =E35*F35 -> 546200 | I35: =E35*G35 -> 93000 | J35: =SUM(H35,I35) -> 639200
A36: IV | B36: HỆ THỐNG TIẾP ĐỊA TỦ ĐIỆN MDB-3A | F36: 0 | G36: 0 | H36: =SUM(H37:H43) -> 8503600 | I36: =SUM(I37:I43) -> 2377200 | J36: =SUM(J37:J43) -> 10880800
A37: 1 | B37: Cáp đồng trần 70mm2 | C37: Cadisun- Việt Nam | D37: Mét | E37: 27 | F37: 154800 | G37: 19500 | H37: =E37*F37 -> 4179600 | I37: =E37*G37 -> 526500 | J37: =SUM(H37,I37) -> 4706100
A38: 2 | B38: Ống xoắn ruột gà HDPE D50/40 | C38: TC- Việt Nam | D38: Mét | E38: 9 | F38: 8300 | G38: 9300 | H38: =E38*F38 -> 74700 | I38: =E38*G38 -> 83700 | J38: =SUM(H38,I38) -> 158400
A39: 3 | B39: Cọc tiếp địa L=2.4m, D16 | C39: Ấn độ | D39: Cọc | E39: 6 | F39: 218500 | G39: 46500 | H39: =E39*F39 -> 1311000 | I39: =E39*G39 -> 279000 | J39: =SUM(H39,I39) -> 1590000
A40: 4 | B40: Hộp kiểm tra điện trở | C40: VN | D40: Cái | E40: 1 | F40: 491600 | G40: 139500 | H40: =E40*F40 -> 491600 | I40: =E40*G40 -> 139500 | J40: =SUM(H40,I40) -> 631100
A41: 5 | B41: Hàn hóa nhiệt | C41: VN | D41: Mối | E41: 6 | F41: 163800 | G41: 186000 | H41: =E41*F41 -> 982800 | I41: =E41*G41 -> 1116000 | J41: =SUM(H41,I41) -> 2098800
A42: 6 | B42: Hóa chất giảm điện trở | D42: bao | E42: 3 | F42: 305900 | G42: 46500 | H42: =E42*F42 -> 917700 | I42: =E42*G42 -> 139500 | J42: =SUM(H42,I42) -> 1057200
A43: =A42+1 -> 7 | B43: Vật tư phụ | D43: lô | E43: 1 | F43: 546200 | G43: 93000 | H43: =E43*F43 -> 546200 | I43: =E43*G43 -> 93000 | J43: =SUM(H43,I43) -> 639200
A44: V | B44: HỆ THỐNG TIẾP ĐỊA TỦ ĐIỆN DB-5.1 | F44: 0 | G44: 0 | H44: =SUM(H45:H51) -> 19406400 | I44: =SUM(I45:I51) -> 4278900 | J44: =SUM(J45:J51) -> 23685300
A45: 1 | B45: Cáp đồng trần 70mm2 | C45: Cadisun- Việt Nam | D45: Mét | E45: 94 | F45: 154800 | G45: 19500 | H45: =E45*F45 -> 14551200 | I45: =E45*G45 -> 1833000 | J45: =SUM(H45,I45) -> 16384200
A46: 2 | B46: Ống xoắn ruột gà HDPE D50/40 | C46: TC- Việt Nam | D46: Mét | E46: 73 | F46: 8300 | G46: 9300 | H46: =E46*F46 -> 605900 | I46: =E46*G46 -> 678900 | J46: =SUM(H46,I46) -> 1284800
A47: 3 | B47: Cọc tiếp địa L=2.4m, D16 | C47: Ấn độ | D47: Cọc | E47: 6 | F47: 218500 | G47: 46500 | H47: =E47*F47 -> 1311000 | I47: =E47*G47 -> 279000 | J47: =SUM(H47,I47) -> 1590000
A48: 4 | B48: Hộp kiểm tra điện trở | C48: VN | D48: Cái | E48: 1 | F48: 491600 | G48: 139500 | H48: =E48*F48 -> 491600 | I48: =E48*G48 -> 139500 | J48: =SUM(H48,I48) -> 631100
A49: 5 | B49: Hàn hóa nhiệt | C49: VN | D49: Mối | E49: 6 | F49: 163800 | G49: 186000 | H49: =E49*F49 -> 982800 | I49: =E49*G49 -> 1116000 | J49: =SUM(H49,I49) -> 2098800
A50: 6 | B50: Hóa chất giảm điện trở | D50: bao | E50: 3 | F50: 305900 | G50: 46500 | H50: =E50*F50 -> 917700 | I50: =E50*G50 -> 139500 | J50: =SUM(H50,I50) -> 1057200
A51: =A50+1 -> 7 | B51: Vật tư phụ | D51: lô | E51: 1 | F51: 546200 | G51: 93000 | H51: =E51*F51 -> 546200 | I51: =E51*G51 -> 93000 | J51: =SUM(H51,I51) -> 639200
A52: VI | B52: HỆ THỐNG TIẾP ĐỊA TỦ ĐIỆN DB-5.2 | F52: 0 | G52: 0 | H52: =SUM(H53:H59) -> 12393100 | I52: =SUM(I53:I59) -> 3040500 | J52: =SUM(J53:J59) -> 15433600
A53: 1 | B53: Cáp đồng trần 70mm2 | C53: Cadisun- Việt Nam | D53: Mét | E53: 51 | F53: 154800 | G53: 19500 | H53: =E53*F53 -> 7894800 | I53: =E53*G53 -> 994500 | J53: =SUM(H53,I53) -> 8889300
A54: 2 | B54: Ống xoắn ruột gà HDPE D50/40 | C54: TC- Việt Nam | D54: Mét | E54: 30 | F54: 8300 | G54: 9300 | H54: =E54*F54 -> 249000 | I54: =E54*G54 -> 279000 | J54: =SUM(H54,I54) -> 528000
A55: 3 | B55: Cọc tiếp địa L=2.4m, D16 | C55: Ấn độ | D55: Cọc | E55: 6 | F55: 218500 | G55: 46500 | H55: =E55*F55 -> 1311000 | I55: =E55*G55 -> 279000 | J55: =SUM(H55,I55) -> 1590000
A56: 4 | B56: Hộp kiểm tra điện trở | C56: VN | D56: Cái | E56: 1 | F56: 491600 | G56: 139500 | H56: =E56*F56 -> 491600 | I56: =E56*G56 -> 139500 | J56: =SUM(H56,I56) -> 631100
A57: 5 | B57: Hàn hóa nhiệt | C57: VN | D57: Mối | E57: 6 | F57: 163800 | G57: 186000 | H57: =E57*F57 -> 982800 | I57: =E57*G57 -> 1116000 | J57: =SUM(H57,I57) -> 2098800
A58: 6 | B58: Hóa chất giảm điện trở | D58: bao | E58: 3 | F58: 305900 | G58: 46500 | H58: =E58*F58 -> 917700 | I58: =E58*G58 -> 139500 | J58: =SUM(H58,I58) -> 1057200
A59: =A58+1 -> 7 | B59: Vật tư phụ | D59: lô | E59: 1 | F59: 546200 | G59: 93000 | H59: =E59*F59 -> 546200 | I59: =E59*G59 -> 93000 | J59: =SUM(H59,I59) -> 639200
A60: VII | B60: HỆ THỐNG TIẾP ĐỊA TỦ ĐIỆN DB-4.2 | F60: 0 | G60: 0 | H60: =SUM(H61:H67) -> 9465600 | I60: =SUM(I61:I67) -> 2531400 | J60: =SUM(J61:J67) -> 11997000
A61: 1 | B61: Cáp đồng trần 70mm2 | C61: Cadisun- Việt Nam | D61: Mét | E61: 33 | F61: 154800 | G61: 19500 | H61: =E61*F61 -> 5108400 | I61: =E61*G61 -> 643500 | J61: =SUM(H61,I61) -> 5751900
A62: 2 | B62: Ống xoắn ruột gà HDPE D50/40 | C62: TC- Việt Nam | D62: Mét | E62: 13 | F62: 8300 | G62: 9300 | H62: =E62*F62 -> 107900 | I62: =E62*G62 -> 120900 | J62: =SUM(H62,I62) -> 228800
A63: 3 | B63: Cọc tiếp địa L=2.4m, D16 | C63: Ấn độ | D63: Cọc | E63: 6 | F63: 218500 | G63: 46500 | H63: =E63*F63 -> 1311000 | I63: =E63*G63 -> 279000 | J63: =SUM(H63,I63) -> 1590000
A64: 4 | B64: Hộp kiểm tra điện trở | C64: VN | D64: Cái | E64: 1 | F64: 491600 | G64: 139500 | H64: =E64*F64 -> 491600 | I64: =E64*G64 -> 139500 | J64: =SUM(H64,I64) -> 631100
A65: 5 | B65: Hàn hóa nhiệt | C65: VN | D65: Mối | E65: 6 | F65: 163800 | G65: 186000 | H65: =E65*F65 -> 982800 | I65: =E65*G65 -> 1116000 | J65: =SUM(H65,I65) -> 2098800
A66: 6 | B66: Hóa chất giảm điện trở | D66: bao | E66: 3 | F66: 305900 | G66: 46500 | H66: =E66*F66 -> 917700 | I66: =E66*G66 -> 139500 | J66: =SUM(H66,I66) -> 1057200
A67: =A66+1 -> 7 | B67: Vật tư phụ | D67: lô | E67: 1 | F67: 546200 | G67: 93000 | H67: =E67*F67 -> 546200 | I67: =E67*G67 -> 93000 | J67: =SUM(H67,I67) -> 639200
A68: VIII | B68: HỆ THỐNG TIẾP ĐỊA TỦ ĐIỆN DB-2 | F68: 0 | G68: 0 | H68: =SUM(H69:H75) -> 10435900 | I68: =SUM(I69:I75) -> 2694900 | J68: =SUM(J69:J75) -> 13130800
A69: 1 | B69: Cáp đồng trần 70mm2 | C69: Cadisun- Việt Nam | D69: Mét | E69: 39 | F69: 154800 | G69: 19500 | H69: =E69*F69 -> 6037200 | I69: =E69*G69 -> 760500 | J69: =SUM(H69,I69) -> 6797700
A70: 2 | B70: Ống xoắn ruột gà HDPE D50/40 | C70: TC- Việt Nam | D70: Mét | E70: 18 | F70: 8300 | G70: 9300 | H70: =E70*F70 -> 149400 | I70: =E70*G70 -> 167400 | J70: =SUM(H70,I70) -> 316800
A71: 3 | B71: Cọc tiếp địa L=2.4m, D16 | C71: Ấn độ | D71: Cọc | E71: 6 | F71: 218500 | G71: 46500 | H71: =E71*F71 -> 1311000 | I71: =E71*G71 -> 279000 | J71: =SUM(H71,I71) -> 1590000
A72: 4 | B72: Hộp kiểm tra điện trở | C72: VN | D72: Cái | E72: 1 | F72: 491600 | G72: 139500 | H72: =E72*F72 -> 491600 | I72: =E72*G72 -> 139500 | J72: =SUM(H72,I72) -> 631100
A73: 5 | B73: Hàn hóa nhiệt | C73: VN | D73: Mối | E73: 6 | F73: 163800 | G73: 186000 | H73: =E73*F73 -> 982800 | I73: =E73*G73 -> 1116000 | J73: =SUM(H73,I73) -> 2098800
A74: 6 | B74: Hóa chất giảm điện trở | D74: bao | E74: 3 | F74: 305900 | G74: 46500 | H74: =E74*F74 -> 917700 | I74: =E74*G74 -> 139500 | J74: =SUM(H74,I74) -> 1057200
A75: =A74+1 -> 7 | B75: Vật tư phụ | D75: lô | E75: 1 | F75: 546200 | G75: 93000 | H75: =E75*F75 -> 546200 | I75: =E75*G75 -> 93000 | J75: =SUM(H75,I75) -> 639200
A76: IX | B76: HỆ THỐNG TIẾP ĐỊA TỦ ĐIỆN MCC-58 | F76: 0 | G76: 0 | H76: =SUM(H77:H83) -> 8169100 | I76: =SUM(I77:I83) -> 2310300 | J76: =SUM(J77:J83) -> 10479400
A77: 1 | B77: Cáp đồng trần 70mm2 | C77: Cadisun- Việt Nam | D77: Mét | E77: 25 | F77: 154800 | G77: 19500 | H77: =E77*F77 -> 3870000 | I77: =E77*G77 -> 487500 | J77: =SUM(H77,I77) -> 4357500
A78: 2 | B78: Ống xoắn ruột gà HDPE D50/40 | C78: TC- Việt Nam | D78: Mét | E78: 6 | F78: 8300 | G78: 9300 | H78: =E78*F78 -> 49800 | I78: =E78*G78 -> 55800 | J78: =SUM(H78,I78) -> 105600
A79: 3 | B79: Cọc tiếp địa L=2.4m, D16 | C79: Ấn độ | D79: Cọc | E79: 6 | F79: 218500 | G79: 46500 | H79: =E79*F79 -> 1311000 | I79: =E79*G79 -> 279000 | J79: =SUM(H79,I79) -> 1590000
A80: 4 | B80: Hộp kiểm tra điện trở | C80: VN | D80: Cái | E80: 1 | F80: 491600 | G80: 139500 | H80: =E80*F80 -> 491600 | I80: =E80*G80 -> 139500 | J80: =SUM(H80,I80) -> 631100
A81: 5 | B81: Hàn hóa nhiệt | C81: VN | D81: Mối | E81: 6 | F81: 163800 | G81: 186000 | H81: =E81*F81 -> 982800 | I81: =E81*G81 -> 1116000 | J81: =SUM(H81,I81) -> 2098800
A82: 6 | B82: Hóa chất giảm điện trở | D82: bao | E82: 3 | F82: 305900 | G82: 46500 | H82: =E82*F82 -> 917700 | I82: =E82*G82 -> 139500 | J82: =SUM(H82,I82) -> 1057200
A83: =A82+1 -> 7 | B83: Vật tư phụ | D83: lô | E83: 1 | F83: 546200 | G83: 93000 | H83: =E83*F83 -> 546200 | I83: =E83*G83 -> 93000 | J83: =SUM(H83,I83) -> 639200
A84: X | B84: HỆ THỐNG TIẾP ĐỊA TỦ ĐIỆN DB-17 | F84: 0 | G84: 0 | H84: =SUM(H85:H91) -> 8169100 | I84: =SUM(I85:I91) -> 2310300 | J84: =SUM(J85:J91) -> 10479400
A85: 1 | B85: Cáp đồng trần 70mm2 | C85: Cadisun- Việt Nam | D85: Mét | E85: 25 | F85: 154800 | G85: 19500 | H85: =E85*F85 -> 3870000 | I85: =E85*G85 -> 487500 | J85: =SUM(H85,I85) -> 4357500
A86: 2 | B86: Ống xoắn ruột gà HDPE D50/40 | C86: TC- Việt Nam | D86: Mét | E86: 6 | F86: 8300 | G86: 9300 | H86: =E86*F86 -> 49800 | I86: =E86*G86 -> 55800 | J86: =SUM(H86,I86) -> 105600
A87: 3 | B87: Cọc tiếp địa L=2.4m, D16 | C87: Ấn độ | D87: Cọc | E87: 6 | F87: 218500 | G87: 46500 | H87: =E87*F87 -> 1311000 | I87: =E87*G87 -> 279000 | J87: =SUM(H87,I87) -> 1590000
A88: 4 | B88: Hộp kiểm tra điện trở | C88: VN | D88: Cái | E88: 1 | F88: 491600 | G88: 139500 | H88: =E88*F88 -> 491600 | I88: =E88*G88 -> 139500 | J88: =SUM(H88,I88) -> 631100
A89: 5 | B89: Hàn hóa nhiệt | C89: VN | D89: Mối | E89: 6 | F89: 163800 | G89: 186000 | H89: =E89*F89 -> 982800 | I89: =E89*G89 -> 1116000 | J89: =SUM(H89,I89) -> 2098800
A90: 6 | B90: Hóa chất giảm điện trở | D90: bao | E90: 3 | F90: 305900 | G90: 46500 | H90: =E90*F90 -> 917700 | I90: =E90*G90 -> 139500 | J90: =SUM(H90,I90) -> 1057200
A91: =A90+1 -> 7 | B91: Vật tư phụ | D91: lô | E91: 1 | F91: 546200 | G91: 93000 | H91: =E91*F91 -> 546200 | I91: =E91*G91 -> 93000 | J91: =SUM(H91,I91) -> 639200
A92: XI | B92: HỆ THỐNG TIẾP ĐỊA TỦ ĐIỆN MCC-45 | F92: 0 | G92: 0 | H92: =SUM(H93:H99) -> 15165800 | I92: =SUM(I93:I99) -> 3530100 | J92: =SUM(J93:J99) -> 18695900
A93: 1 | B93: Cáp đồng trần 70mm2 | C93: Cadisun- Việt Nam | D93: Mét | E93: 68 | F93: 154800 | G93: 19500 | H93: =E93*F93 -> 10526400 | I93: =E93*G93 -> 1326000 | J93: =SUM(H93,I93) -> 11852400
A94: 2 | B94: Ống xoắn ruột gà HDPE D50/40 | C94: TC- Việt Nam | D94: Mét | E94: 47 | F94: 8300 | G94: 9300 | H94: =E94*F94 -> 390100 | I94: =E94*G94 -> 437100 | J94: =SUM(H94,I94) -> 827200
A95: 3 | B95: Cọc tiếp địa L=2.4m, D16 | C95: Ấn độ | D95: Cọc | E95: 6 | F95: 218500 | G95: 46500 | H95: =E95*F95 -> 1311000 | I95: =E95*G95 -> 279000 | J95: =SUM(H95,I95) -> 1590000
A96: 4 | B96: Hộp kiểm tra điện trở | C96: VN | D96: Cái | E96: 1 | F96: 491600 | G96: 139500 | H96: =E96*F96 -> 491600 | I96: =E96*G96 -> 139500 | J96: =SUM(H96,I96) -> 631100
A97: 5 | B97: Hàn hóa nhiệt | C97: VN | D97: Mối | E97: 6 | F97: 163800 | G97: 186000 | H97: =E97*F97 -> 982800 | I97: =E97*G97 -> 1116000 | J97: =SUM(H97,I97) -> 2098800
A98: 6 | B98: Hóa chất giảm điện trở | D98: bao | E98: 3 | F98: 305900 | G98: 46500 | H98: =E98*F98 -> 917700 | I98: =E98*G98 -> 139500 | J98: =SUM(H98,I98) -> 1057200
A99: =A98+1 -> 7 | B99: Vật tư phụ | D99: lô | E99: 1 | F99: 546200 | G99: 93000 | H99: =E99*F99 -> 546200 | I99: =E99*G99 -> 93000 | J99: =SUM(H99,I99) -> 639200
A100: XII | B100: HỆ THỐNG TIẾP ĐỊA TỦ ĐIỆN DB-30 | F100: 0 | G100: 0 | H100: =SUM(H101:H107) -> 10272800 | I100: =SUM(I101:I107) -> 2666100 | J100: =SUM(J101:J107) -> 12938900
A101: 1 | B101: Cáp đồng trần 70mm2 | C101: Cadisun- Việt Nam | D101: Mét | E101: 38 | F101: 154800 | G101: 19500 | H101: =E101*F101 -> 5882400 | I101: =E101*G101 -> 741000 | J101: =SUM(H101,I101) -> 6623400
...

Sheet 04.HỆ THỐNG CHỐNG SÉT
A1: CHI TIẾT DỰ TOÁN
B2: =BIA!B14 -> CÔNG TRÌNH: TRANG TRẠI CHĂN NUÔI LỢN CÔNG NGHỆ CAO TẠI XÃ QUẢNG SƠN, HUYỆN HẢI HÀ
B3: =BIA!B15 -> ĐỊA ĐIỂM: XÃ QUẢNG SƠN, HUYỆN HẢI HÀ, TỈNH QUẢNG NINH
B4: =BIA!B16 -> CHỦ ĐẦU TƯ: CÔNG TY CỔ PHẦN CHĂN NUÔI GREENTECH
B5: NHÀ THẦU ĐIỆN : CÔNG TY TNHH KỸ THUẬT ĐIỆN VÀ CÔNG NGHỆ MÔI TRƯỜNG DH
B6: HẠNG MỤC P2-04: HỆ THỐNG CHỐNG SÉT
A7: STT | B7: NỘI DUNG CÔNG VIỆC | C7: XUẤT XỨ | D7: ĐVT | E7: Khối Lượng | F7: ĐƠN GIÁ | H7: Thành tiền | J7: Tổng Khối lượng | K7: GHI CHÚ
F8: Vật tư | G8: Nhân công | H8: Vật tư | I8: Nhân công
A9: I | B9: HỆ THỐNG CHỐNG SÉT
A10: 1 | B10: Kim thu sét Rp=97m | C10: Erico/Liva-EU | D10: bộ | E10: 15 | F10: 4916200 | G10: 465000 | H10: =E10*F10 -> 73743000 | I10: =E10*G10 -> 6975000 | J10: =SUM(H10,I10) -> 80718000
A11: 2 | B11: Kim thu sét Rp=61m | C11: Erico/Liva-EU | D11: bộ | E11: 2 | F11: 3325000 | G11: 465000 | H11: =E11*F11 -> 6650000 | I11: =E11*G11 -> 930000 | J11: =SUM(H11,I11) -> 7580000 | K11: Thay đổi
A12: 3 | B12: Trụ bê tông 12m | C12: VN | D12: trụ | E12: 15 | F12: 3823700 | G12: 1395000 | H12: =E12*F12 -> 57355500 | I12: =E12*G12 -> 20925000 | J12: =SUM(H12,I12) -> 78280500
A13: 4 | B13: Cáp đồng trần 70mm2 | C13: Cadisun- Việt Nam | D13: m | E13: 693 | F13: 154800 | G13: 19500 | H13: =E13*F13 -> 107276400 | I13: =E13*G13 -> 13513500 | J13: =SUM(H13,I13) -> 120789900
A14: 5 | B14: Ống uPVC D34 | C14: Bình minh | D14: m | E14: 214 | F14: 22300 | G14: 9700 | H14: =E14*F14 -> 4772200 | I14: =E14*G14 -> 2075800 | J14: =SUM(H14,I14) -> 6848000
A15: 6 | B15: Cọc tiếp địa L=2.4m, D16 | C15: Ấn độ | D15: cọc | E15: 102 | F15: 21800 | G15: 46500 | H15: =E15*F15 -> 2223600 | I15: =E15*G15 -> 4743000 | J15: =SUM(H15,I15) -> 6966600
A16: 7 | B16: Hộp kiểm tra điện trở | C16: VN | D16: bộ | E16: 15 | F16: 491600 | G16: 139500 | H16: =E16*F16 -> 7374000 | I16: =E16*G16 -> 2092500 | J16: =SUM(H16,I16) -> 9466500
A17: 8 | B17: Hàn hóa nhiệt | C17: VN | D17: Mối | E17: 102 | F17: 163800 | G17: 186000 | H17: =E17*F17 -> 16707600 | I17: =E17*G17 -> 18972000 | J17: =SUM(H17,I17) -> 35679600
A18: 9 | B18: Cột thép Inox D60 cao 3m | C18: VN | D18: bộ | E18: 15 | F18: 2731200 | G18: 465000 | H18: =E18*F18 -> 40968000 | I18: =E18*G18 -> 6975000 | J18: =SUM(H18,I18) -> 47943000
A19: 10 | B19: Móng bê tông đỡ trụ KT 800x800x1000mm | C19: VN | D19: móng | E19: 15 | F19: 4370000 | G19: 697500 | H19: =E19*F19 -> 65550000 | I19: =E19*G19 -> 10462500 | J19: =SUM(H19,I19) -> 76012500
A20: 11 | B20: Nghiệm thu và cấp phép | C20: TT giám định Miền Nam | D20: Hệ | E20: 1 | F20: 0 | G20: 5115000 | H20: =E20*F20 -> 0 | I20: =E20*G20 -> 5115000 | J20: =SUM(H20,I20) -> 5115000
A21: 12 | B21: Kẹp liên kết trụ inox với trụ betong | C21: VN | D21: bộ | E21: 30 | F21: 54600 | G21: 18600 | H21: =E21*F21 -> 1638000 | I21: =E21*G21 -> 558000 | J21: =SUM(H21,I21) -> 2196000
A22: 13 | B22: Kẹp liên kết ống luồn dây cáp với trụ betong | C22: VN | D22: bộ | E22: 60 | F22: 54600 | G22: 23200 | H22: =E22*F22 -> 3276000 | I22: =E22*G22 -> 1392000 | J22: =SUM(H22,I22) -> 4668000
A23: 14 | B23: Hóa chất giảm điện trở | D23: bao | E23: 30 | F23: 305900 | G23: 46500 | H23: =E23*F23 -> 9177000 | I23: =E23*G23 -> 1395000 | J23: =SUM(H23,I23) -> 10572000
A24: 15 | B24: Ống xoắn ruột gà HDPE 40/30 | C24: TC- Việt Nam | D24: m | E24: 199 | F24: 8300 | G24: 9300 | H24: =E24*F24 -> 1651700 | I24: =E24*G24 -> 1850700 | J24: =SUM(H24,I24) -> 3502400
A25: 16 | B25: Phụ kiện lắp đặt | D25: hệ | E25: 1 | F25: 4916200 | G25: 1395000 | H25: =E25*F25 -> 4916200 | I25: =E25*G25 -> 1395000 | J25: =SUM(H25,I25) -> 6311200
A26: 17 | B26: Đào và lắp đất | D26: m3 | E26: 102 | F26: 0 | G26: 139500 | H26: =E26*F26 -> 0 | I26: =E26*G26 -> 14229000 | J26: =SUM(H26,I26) -> 14229000
A27: II | B27: CÔNG TÁC KHÁC
A28: 1 | B28: Khuôn hàn | D28: Cái | E28: 5 | F28: 1500000 | G28: 1000000 | H28: =F28*E28 -> 7500000 | I28: =G28*E28 -> 5000000 | J28: =I28+H28 -> 12500000
A29: 2 | B29: Chi phí vận chuyển, xe nâng, giáo lắp đặt | D29: lot | E29: 1 | F29: 0 | G29: 3500000 | H29: =F29*E29 -> 0 | I29: =G29*E29 -> 3500000 | J29: =I29+H29 -> 3500000
A30: 3 | B30: Chi phí T&C | D30: lot | E30: 1 | F30: 0 | G30: 2500000 | H30: =F30*E30 -> 0 | I30: =G30*E30 -> 2500000 | J30: =I30+H30 -> 2500000
A31: TỔNG CỘNG B | H31: =SUM(H28:H30) -> 7500000 | I31: =SUM(I28:I30) -> 11000000 | J31: =SUM(J28:J30) -> 18500000
A32: TỔNG CỘNG A | H32: =+SUM(H10:H26) -> 403279200 | I32: =+SUM(I10:I26) -> 113599000 | J32: =+SUM(J10:J26) -> 516878200
A33: TỔNG CỘNG A+B (trước VAT) | H33: =H32+H31 -> 410779200 | I33: =I32+I31 -> 124599000 | J33: =J32+J31 -> 535378200

Sheet 05.TỦ ĐIỆN
A1: CHI TIẾT DỰ TOÁN
B2: =BIA!B14 -> CÔNG TRÌNH: TRANG TRẠI CHĂN NUÔI LỢN CÔNG NGHỆ CAO TẠI XÃ QUẢNG SƠN, HUYỆN HẢI HÀ
B3: =BIA!B15 -> ĐỊA ĐIỂM: XÃ QUẢNG SƠN, HUYỆN HẢI HÀ, TỈNH QUẢNG NINH
B4: =BIA!B16 -> CHỦ ĐẦU TƯ: CÔNG TY CỔ PHẦN CHĂN NUÔI GREENTECH
B5: NHÀ THẦU ĐIỆN : CÔNG TY TNHH KỸ THUẬT ĐIỆN VÀ CÔNG NGHỆ MÔI TRƯỜNG DH
B6: HẠNG MỤC P2-05: TỦ ĐIỆN (THIẾT BỊ ĐÓNG CẮT LS/Mitsubishi)
A7: STT | B7: NỘI DUNG CÔNG VIỆC | C7: XUẤT XỨ | D7: ĐVT | E7: Khối Lượng | F7: ĐƠN GIÁ | H7: THÀNH TIỀN | J7: Tổng khối lượng | K7: GHI CHÚ
F8: Vật tư | G8: Nhân công | H8: Vật tư | I8: Nhân công
A9: A | B9: TỦ ĐIỆN PHÂN PHỐI CHÍNH | H9: =SUM(H10:H24) -> 1593758000 | I9: =SUM(I10:I24) -> 27100000 | J9: =SUM(J10:J24) -> 1620858000
A10: I | B10: TỦ ĐIỆN MSB-A | C10: DH- Việt Nam | D10: Bộ | E10: 1 | F10: 218000000 | G10: 3500000 | H10: =E10*F10 -> 218000000 | I10: =E10*G10 -> 3500000 | J10: =SUM(H10,I10) -> 221500000
A11: I.1 | B11: TỦ ĐIỆN MSB-A.1-ATS SECTION | C11: DH- Việt Nam | D11: Bộ | E11: 1 | F11: 178500000 | G11: 1500000 | H11: =E11*F11 -> 178500000 | I11: =E11*G11 -> 1500000 | J11: =SUM(H11,I11) -> 180000000
A12: I.2 | B12: TỦ ĐIỆN MSB-A.2-ATS SECTION | C12: DH- Việt Nam | D12: Bộ | E12: 1 | F12: 178500000 | G12: 1500000 | H12: =E12*F12 -> 178500000 | I12: =E12*G12 -> 1500000 | J12: =SUM(H12,I12) -> 180000000
A13: II | B13: TỦ ĐIỆN MSB-B | C13: DH- Việt Nam | D13: Bộ | E13: 1 | F13: 351900000 | G13: 3500000 | H13: =E13*F13 -> 351900000 | I13: =E13*G13 -> 3500000 | J13: =SUM(H13,I13) -> 355400000
A14: II.1 | B14: TỦ ĐIỆN MSB-B.1-ATS SECTION | C14: DH- Việt Nam | D14: Bộ | E14: 1 | F14: 214000000 | G14: 1500000 | H14: =E14*F14 -> 214000000 | I14: =E14*G14 -> 1500000 | J14: =SUM(H14,I14) -> 215500000
A15: II.2 | B15: TỦ ĐIỆN MSB-B.2-ATS SECTION | C15: DH- Việt Nam | D15: Bộ | E15: 1 | F15: 210000000 | G15: 1500000 | H15: =E15*F15 -> 210000000 | I15: =E15*G15 -> 1500000 | J15: =SUM(H15,I15) -> 211500000
A16: III | B16: TỦ ĐIỆN MDB-1A | C16: DH- Việt Nam | D16: Bộ | E16: 1 | F16: 24485000 | G16: 1200000 | H16: =E16*F16 -> 24485000 | I16: =E16*G16 -> 1200000 | J16: =SUM(H16,I16) -> 25685000
A17: IV | B17: TỦ ĐIỆN MDB-2A | C17: DH- Việt Nam | D17: Bộ | E17: 1 | F17: 21663000 | G17: 1200000 | H17: =E17*F17 -> 21663000 | I17: =E17*G17 -> 1200000 | J17: =SUM(H17,I17) -> 22863000
A18: V | B18: TỦ ĐIỆN MDB-3A | C18: DH- Việt Nam | D18: Bộ | E18: 1 | F18: 16268000 | G18: 1000000 | H18: =E18*F18 -> 16268000 | I18: =E18*G18 -> 1000000 | J18: =SUM(H18,I18) -> 17268000
A19: VI | B19: TỦ ĐIỆN MDB-1B | C19: DH- Việt Nam | D19: Bộ | E19: 1 | F19: 23323000 | G19: 1200000 | H19: =E19*F19 -> 23323000 | I19: =E19*G19 -> 1200000 | J19: =SUM(H19,I19) -> 24523000
A20: VII | B20: TỦ ĐIỆN MDB-2B | C20: DH- Việt Nam | D20: Bộ | E20: 1 | F20: 32785000 | G20: 1500000 | H20: =E20*F20 -> 32785000 | I20: =E20*G20 -> 1500000 | J20: =SUM(H20,I20) -> 34285000
A21: VIII | B21: TỦ ĐIỆN MDB-3B ( 3B.1 & 3B.2) | C21: DH- Việt Nam | D21: Bộ | E21: 2 | F21: 13695000 | G21: 1000000 | H21: =E21*F21 -> 27390000 | I21: =E21*G21 -> 2000000 | J21: =SUM(H21,I21) -> 29390000
... A24: XI | B24: TỦ ĐIỆN MDB-6B | C24: DH- Việt Nam | D24: Bộ | E24: 1 | F24: 23240000 | G24: 1200000 | H24: =E24*F24 -> 23240000 | I24: =E24*G24 -> 1200000 | J24: =SUM(H24,I24) -> 24440000
A25: B | B25: TỦ ĐIỆN HẠNG MỤC CHÍNH | C25: DH- Việt Nam | F25: 0 | H25: =SUM(H26:H39) -> 823061200 | I25: =SUM(I26:I39) -> 83850000 | J25: =SUM(J26:J39) -> 906911200
A26: I | B26: TỦ ĐIỆN DB-1 | C26: DH- Việt Nam | D26: Bộ | E26: 1 | F26: 9545000 | G26: 1000000 | H26: =E26*F26 -> 9545000 | I26: =E26*G26 -> 1000000 | J26: =SUM(H26,I26) -> 10545000
A27: II | B27: TỦ ĐIỆN DB-2 | C27: DH- Việt Nam | D27: Bộ | E27: 1 | F27: 9711000 | G27: 1000000 | H27: =E27*F27 -> 9711000 | I27: =E27*G27 -> 1000000 | J27: =SUM(H27,I27) -> 10711000
A28: III | B28: TỦ ĐIỆN DB-3 | C28: DH- Việt Nam | D28: Bộ | E28: 1 | F28: 10043000 | G28: 1000000 | H28: =E28*F28 -> 10043000 | I28: =E28*G28 -> 1000000 | J28: =SUM(H28,I28) -> 11043000
A29: IV | B29: TỦ ĐIỆN DB-3.1 | C29: DH- Việt Nam | D29: Bộ | E29: 1 | F29: 4233000 | G29: 750000 | H29: =E29*F29 -> 4233000 | I29: =E29*G29 -> 750000 | J29: =SUM(H29,I29) -> 4983000
A30: V | B30: TỦ ĐIỆN DB-4.1 | C30: DH- Việt Nam | D30: Bộ | E30: 1 | F30: 17504700 | G30: 1200000 | H30: =E30*F30 -> 17504700 | I30: =E30*G30 -> 1200000 | J30: =SUM(H30,I30) -> 18704700
A31: VI | B31: TỦ ĐIỆN DB-4.2 | C31: DH- Việt Nam | D31: Bộ | E31: 1 | F31: 16019000 | G31: 1000000 | H31: =E31*F31 -> 16019000 | I31: =E31*G31 -> 1000000 | J31: =SUM(H31,I31) -> 17019000
A32: VII | B32: TỦ ĐIỆN DB-5.1 | C32: DH- Việt Nam | D32: Bộ | E32: 1 | F32: 28635000 | G32: 1500000 | H32: =E32*F32 -> 28635000 | I32: =E32*G32 -> 1500000 | J32: =SUM(H32,I32) -> 30135000
A33: VIII | B33: TỦ ĐIỆN DB-5.2 | C33: DH- Việt Nam | D33: Bộ | E33: 0 | F33: 28635000 | G33: 1500000 | H33: =E33*F33 -> 0 | I33: =E33*G33 -> 0 | J33: =SUM(H33,I33) -> 0 | K33: ko có
A34: IX | B34: Tủ điện MCC-5.1.1~10, MCC-5.2.1~10. | C34: DH- Việt Nam | D34: Bộ | E34: =10+10 -> 20 | F34: 10001500 | G34: 1000000 | H34: =E34*F34 -> 200030000 | I34: =E34*G34 -> 20000000 | J34: =SUM(H34,I34) -> 220030000
A35: X | B35: TỦ ĐIỆN DB-6.1 | C35: DH- Việt Nam | D35: Bộ | E35: 1 | F35: 21331000 | G35: 1200000 | H35: =E35*F35 -> 21331000 | I35: =E35*G35 -> 1200000 | J35: =SUM(H35,I35) -> 22531000
A36: XI | B36: TỦ ĐIỆN DB-6.2 | C36: DH- Việt Nam | D36: Bộ | E36: 1 | F36: 21621500 | G36: 1200000 | H36: =E36*F36 -> 21621500 | I36: =E36*G36 -> 1200000 | J36: =SUM(H36,I36) -> 22821500
A37: XII | B37: TỦ ĐIỆN DB-6.1.1~7, DB-6.2.1~7. | C37: DH- Việt Nam | D37: Bộ | E37: 14 | F37: 10126000 | G37: 1000000 | H37: =E37*F37 -> 141764000 | I37: =E37*G37 -> 14000000 | J37: =SUM(H37,I37) -> 155764000
A38: XIII | B38: TỦ ĐIỆN DB-7.1~16. | C38: DH- Việt Nam | D38: Bộ | E38: 16 | F38: 9213000 | G38: 1000000 | H38: =E38*F38 -> 147408000 | I38: =E38*G38 -> 16000000 | J38: =SUM(H38,I38) -> 163408000
A39: XIV | B39: TỦ ĐIỆN DB-7.1~16.1 ; DB-7.1~16.2. | C39: DH- Việt Nam | D39: Bộ | E39: 32 | F39: 6100500 | G39: 750000 | H39: =E39*F39 -> 195216000 | I39: =E39*G39 -> 24000000 | J39: =SUM(H39,I39) -> 219216000
A40: C | B40: TỦ ĐIỆN CÁC MỤC PHỤ | C40: DH- Việt Nam | F40: 0 | H40: =SUM(H41:H62) -> 107244300 | I40: =SUM(I41:I62) -> 18150000 | J40: =SUM(J41:J62) -> 125394300
A41: II | B41: TỦ ĐIỆN DB-9 | C41: DH- Việt Nam | D41: Bộ | E41: 1 | F41: 4399000 | G41: 750000 | H41: =E41*F41 -> 4399000 | I41: =E41*G41 -> 750000 | J41: =SUM(H41,I41) -> 5149000
A42: III | B42: Tủ điện DB-10 | C42: DH- Việt Nam | D42: Bộ | E42: 1 | F42: 2448500 | G42: 750000 | H42: =E42*F42 -> 2448500 | I42: =E42*G42 -> 750000 | J42: =SUM(H42,I42) -> 3198500
A43: IV | B43: Tủ điện DB-12 | C43: DH- Việt Nam | D43: Bộ | E43: 1 | F43: 4714400 | G43: 750000 | H43: =E43*F43 -> 4714400 | I43: =E43*G43 -> 750000 | J43: =SUM(H43,I43) -> 5464400
A44: V | B44: Tủ điện DB-13 | C44: DH- Việt Nam | D44: Bộ | E44: 1 | F44: 6698100 | G44: 750000 | H44: =E44*F44 -> 6698100 | I44: =E44*G44 -> 750000 | J44: =SUM(H44,I44) -> 7448100
A45: VI | B45: Tủ điện MCB-15 | C45: DH- Việt Nam | D45: Bộ | E45: 1 | F45: 1743000 | G45: 750000 | H45: =E45*F45 -> 1743000 | I45: =E45*G45 -> 750000 | J45: =SUM(H45,I45) -> 2493000
A46: VII | B46: Tủ điện DB-16 | C46: DH- Việt Nam | D46: Bộ | E46: 1 | F46: 8590500 | G46: 1200000 | H46: =E46*F46 -> 8590500 | I46: =E46*G46 -> 1200000 | J46: =SUM(H46,I46) -> 9790500
A47: VIII | B47: Tủ điện DB-16-KIT | C47: DH- Việt Nam | D47: Bộ | E47: 1 | F47: 5129400 | G47: 750000 | H47: =E47*F47 -> 5129400 | I47: =E47*G47 -> 750000 | J47: =SUM(H47,I47) -> 5879400
A48: IX | B48: Tủ điện DB-17 | C48: DH- Việt Nam | D48: Bộ | E48: 1 | F48: 7528100 | G48: 750000 | H48: =E48*F48 -> 7528100 | I48: =E48*G48 -> 750000 | J48: =SUM(H48,I48) -> 8278100
A49: X | B49: Tủ điện DB-18 | C49: DH- Việt Nam | D49: Bộ | E49: 1 | F49: 7885000 | G49: 750000 | H49: =E49*F49 -> 7885000 | I49: =E49*G49 -> 750000 | J49: =SUM(H49,I49) -> 8635000
A50: XI | B50: Tủ điện DB-19 | C50: DH- Việt Nam | D50: Bộ | E50: 1 | F50: 8715000 | G50: 1200000 | H50: =E50*F50 -> 8715000 | I50: =E50*G50 -> 1200000 | J50: =SUM(H50,I50) -> 9915000
A51: XIII | B51: Tủ điện DB-20 | C51: DH- Việt Nam | D51: Bộ | E51: 1 | F51: 5395000 | G51: 750000 | H51: =E51*F51 -> 5395000 | I51: =E51*G51 -> 750000 | J51: =SUM(H51,I51) -> 6145000
A52: XIV | B52: Tủ điện DB-23, DB-39 | C52: DH- Việt Nam | D52: Bộ | E52: 2 | F52: 5104500 | G52: 750000 | H52: =E52*F52 -> 10209000 | I52: =E52*G52 -> 1500000 | J52: =SUM(H52,I52) -> 11709000
... A62: XXV | B62: Tủ điện LCP-EX-B | C62: DH- Việt Nam | D62: Bộ | E62: 0 | F62: 10150900 | G62: 1200000 | H62: =E62*F62 -> 0 | I62: =E62*G62 -> 0 | J62: =SUM(H62,I62) -> 0
C63: DH- Việt Nam | F63: 0
A64: D | B64: TỦ ĐIỆN CÔNG NGHỆ THIẾT BỊ | C64: DH- Việt Nam | F64: 0 | H64: =SUM(H65:H75) -> 210197500 | I64: =SUM(I65:I75) -> 48000000 | J64: =SUM(J65:J75) -> 258197500
A65: I | B65: Tủ điện MCC-1 | C65: DH- Việt Nam | D65: Bộ | E65: 1 | F65: 2730700 | G65: 750000 | H65: =E65*F65 -> 2730700 | I65: =E65*G65 -> 750000 | J65: =SUM(H65,I65) -> 3480700
A66: II | B66: Tủ điện MCC-2 | C66: DH- Việt Nam | D66: Bộ | E66: 1 | F66: 2896700 | G66: 750000 | H66: =E66*F66 -> 2896700 | I66: =E66*G66 -> 750000 | J66: =SUM(H66,I66) -> 3646700
A67: III | B67: Tủ điện MCC-3 | C67: DH- Việt Nam | D67: Bộ | E67: 1 | F67: 2896700 | G67: 750000 | H67: =E67*F67 -> 2896700 | I67: =E67*G67 -> 750000 | J67: =SUM(H67,I67) -> 3646700
A68: IV | B68: Tủ điện MCC-4.1, MCC-4.2 | C68: DH- Việt Nam | D68: Bộ | E68: =1+1 -> 2 | F68: 7926500 | G68: 750000 | H68: =E68*F68 -> 15853000 | I68: =E68*G68 -> 1500000 | J68: =SUM(H68,I68) -> 17353000
A69: V | B69: Tủ điện MCC-5.1, MCC-5.2 | C69: DH- Việt Nam | D69: Bộ | E69: 2 | F69: 5743600 | G69: 750000 | H69: =E69*F69 -> 11487200 | I69: =E69*G69 -> 1500000 | J69: =SUM(H69,I69) -> 12987200
A70: VI | B70: Tủ điện MCC-5.1.1~10, MCC-5.2.1~10 | C70: DH- Việt Nam | D70: Bộ | E70: 20 | F70: 2730700 | G70: 750000 | H70: =E70*F70 -> 54614000 | I70: =E70*G70 -> 15000000 | J70: =SUM(H70,I70) -> 69614000
A71: VII | B71: Tủ điện DB-6.1-TD, DB-6.2-TD | C71: DH- Việt Nam | D71: Bộ | E71: 2 | F71: 4971700 | G71: 750000 | H71: =E71*F71 -> 9943400 | I71: =E71*G71 -> 1500000 | J71: =SUM(H71,I71) -> 11443400
A72: VIII | B72: Tủ điện MCC-7.1~16.1, MCC-7.1~16.2 | C72: DH- Việt Nam | D72: Bộ | E72: 32 | F72: 2988000 | G72: 750000 | H72: =E72*F72 -> 95616000 | I72: =E72*G72 -> 24000000 | J72: =SUM(H72,I72) -> 119616000
A73: VIII | B73: Tủ điện MCC-21 | C73: DH- Việt Nam | D73: Bộ | E73: 1 | F73: 3984000 | G73: 750000 | H73: =E73*F73 -> 3984000 | I73: =E73*G73 -> 750000 | J73: =SUM(H73,I73) -> 4734000
A74: IX | B74: Tủ điện MCC-45, MCC-46 (trạm xử lý nước sạch) | C74: DH- Việt Nam | D74: Bộ | E74: =1+1 -> 2 | F74: 0 | H74: =E74*F74 -> 0 | I74: =E74*G74 -> 0 | J74: =SUM(H74,I74) -> 0 | K74: không có bản vẽ
A75: X | B75: Tủ điện MCC-58, MCC-60 (trạm xử lý nước thải) | C75: DH- Việt Nam | D75: Bộ | E75: 2 | F75: 5087900 | G75: 750000 | H75: =E75*F75 -> 10175800 | I75: =E75*G75 -> 1500000 | J75: =SUM(H75,I75) -> 11675800
A76: E | B76: HỆ TỦ PHÁT SIINH | C76: DH- Việt Nam | H76: =SUM(H77:H99) -> 881742200 | I76: =SUM(I77:I99) -> 112100000 | J76: =SUM(J77:J99) -> 993842200
A77: I | B77: DB-1D.1 | C77: DH- Việt Nam | D77: tủ | E77: 1 | F77: 16434000 | G77: 1000000 | H77: =E77*F77 -> 16434000 | I77: =E77*G77 -> 1000000 | J77: =SUM(H77,I77) -> 17434000
A78: II | B78: DB-1D.2 | C78: DH- Việt Nam | D78: tủ | E78: 1 | F78: 16766000 | G78: 1200000 | H78: =E78*F78 -> 16766000 | I78: =E78*G78 -> 1200000 | J78: =SUM(H78,I78) -> 17966000
A79: III | B79: MCC-1D.1; MCC-1D.2 | C79: DH- Việt Nam | D79: tủ | E79: 2 | F79: 10375000 | G79: 1000000 | H79: =E79*F79 -> 20750000 | I79: =E79*G79 -> 2000000 | J79: =SUM(H79,I79) -> 22750000
A80: IV | B80: DB-1C.1 | C80: DH- Việt Nam | D80: tủ | E80: 1 | F80: 27556000 | G80: 1500000 | H80: =E80*F80 -> 27556000 | I80: =E80*G80 -> 1500000 | J80: =SUM(H80,I80) -> 29056000
A81: V | B81: DB-1C.2 | C81: DH- Việt Nam | D81: tủ | E81: 1 | F81: 27556000 | G81: 1500000 | H81: =E81*F81 -> 27556000 | I81: =E81*G81 -> 1500000 | J81: =SUM(H81,I81) -> 29056000
A82: VI | B82: MCC-1C.1 / MCC-1C.2 | C82: DH- Việt Nam | D82: tủ | E82: 2 | F82: 6391000 | G82: 750000 | H82: =E82*F82 -> 12782000 | I82: =E82*G82 -> 1500000 | J82: =SUM(H82,I82) -> 14282000
A83: VIII | B83: MCC-1C.1.1 ~1C.1.10; MCC-1C.2.1 ~1C.2.10 | C83: DH- Việt Nam | D83: tủ | E83: 20 | F83: 2158000 | G83: 750000 | H83: =E83*F83 -> 43160000 | I83: =E83*G83 -> 15000000 | J83: =SUM(H83,I83) -> 58160000
A84: VIII | B84: DB-1C.1.1~DB-1C.1.10; DB-1C.2.1~DB-1C.2.10 | C84: DH- Việt Nam | D84: tủ | E84: 20 | F84: 9794000 | G84: 1000000 | H84: =E84*F84 -> 195880000 | I84: =E84*G84 -> 20000000 | J84: =SUM(H84,I84) -> 215880000
A85: IX | B85: DB-1E | C85: DH- Việt Nam | D85: tủ | E85: 1 | F85: 8964000 | G85: 1000000 | H85: =E85*F85 -> 8964000 | I85: =E85*G85 -> 1000000 | J85: =SUM(H85,I85) -> 9964000
A86: X | B86: MCC-1E | C86: DH- Việt Nam | D86: tủ | E86: 1 | F86: 2324000 | G86: 750000 | H86: =E86*F86 -> 2324000 | I86: =E86*G86 -> 750000 | J86: =SUM(H86,I86) -> 3074000
A87: XI | B87: DB-1F | C87: DH- Việt Nam | D87: tủ | E87: 1 | F87: 9628000 | G87: 1000000 | H87: =E87*F87 -> 9628000 | I87: =E87*G87 -> 1000000 | J87: =SUM(H87,I87) -> 10628000
A88: XII | B88: DB-1F.1 | C88: DH- Việt Nam | D88: tủ | E88: 1 | F88: 3818000 | G88: 750000 | H88: =E88*F88 -> 3818000 | I88: =E88*G88 -> 750000 | J88: =SUM(H88,I88) -> 4568000
... A99: XXIII | B99: DB-1B.1-TD; DB-1B.2-TD | C99: DH- Việt Nam | D99: Tủ | E99: 2 | F99: 2407000 | G99: 750000 | H99: =E99*F99 -> 4814000 | I99: =E99*G99 -> 1500000 | J99: =SUM(H99,I99) -> 6314000
A100: F | B100: CÔNG TÁC KHÁC | H100: =SUM(H101:H103) -> 65000000 | I100: =SUM(I101:I103) -> 55000000 | J100: =SUM(J101:J103) -> 120000000
A101: 1 | B101: Chi phí vận hành thử nghiệm toàn hạng mục | D101: gói | E101: 1 | F101: 0 | G101: 25000000 | H101: =E101*F101 -> 0 | I101: =E101*G101 -> 25000000 | J101: =SUM(H101,I101) -> 25000000
A102: 2 | B102: Chi phí vận chuyển | D102: lot | E102: 4 | F102: 0 | G102: 5000000 | H102: =E102*F102 -> 0 | I102: =E102*G102 -> 20000000 | J102: =SUM(H102,I102) -> 20000000
A103: 3 | B103: Vật tư phụ khác | D103: lot | E103: 1 | F103: 65000000 | G103: 10000000 | H103: =E103*F103 -> 65000000 | I103: =E103*G103 -> 10000000 | J103: =SUM(H103,I103) -> 75000000
A106: TỔNG CỘNG A+B + C (trước VAT) | H106: =SUM(H9,H25,H40,H64,H76,H100) -> 3681003200 | I106: =SUM(I9,I25,I40,I64,I76,I100) -> 344200000 | J106: =SUM(J9,J25,J40,J64,J76,J100) -> 4025203200

Sheet 06.HỆ THỐNG CHIẾU SÁNG BÊN TRON
A1: CHI TIẾT DỰ TOÁN
B2: =BIA!B14 -> CÔNG TRÌNH: TRANG TRẠI CHĂN NUÔI LỢN CÔNG NGHỆ CAO TẠI XÃ QUẢNG SƠN, HUYỆN HẢI HÀ
B3: =BIA!B15 -> ĐỊA ĐIỂM: XÃ QUẢNG SƠN, HUYỆN HẢI HÀ, TỈNH QUẢNG NINH
B4: =BIA!B16 -> CHỦ ĐẦU TƯ: CÔNG TY CỔ PHẦN CHĂN NUÔI GREENTECH
B5: NHÀ THẦU ĐIỆN : CÔNG TY TNHH KỸ THUẬT ĐIỆN VÀ CÔNG NGHỆ MÔI TRƯỜNG DH
B6: HẠNG MỤC P2-06: HỆ THÔNG CHIẾU SÁNG BÊN TRONG
A7: STT | B7: NỘI DUNG CÔNG VIỆC | C7: XUẤT XỨ | D7: ĐVT | E7: Khối Lượng | F7: ĐƠN GIÁ | H7: Thành tiền | J7: Tổng Khối lượng | K7: GHI CHÚ
F8: Vật tư | G8: Nhân công | H8: Vật tư | I8: Nhân công
A9: I | B9: CHUỒNG HEO CAI SỮA | D9: 2 | H9: =SUM(H10:H39)*D9 -> 608048600 | I9: =SUM(I10:I39)*D9 -> 216536200 | J9: =SUM(J10:J39)*D9 -> 824584800
A10: 1 | B10: Đèn led buld 40W | C10: Duhal- Việt Nam | D10: bộ | E10: 110 | F10: 126700 | G10: 34400 | H10: =E10*F10 -> 13937000 | I10: =E10*G10 -> 3784000 | J10: =SUM(H10,I10) -> 17721000
A11: 2 | B11: Đèn led buld 20W | C11: Duhal- Việt Nam | D11: bộ | E11: 19 | F11: 60200 | G11: 32500 | H11: =E11*F11 -> 1143800 | I11: =E11*G11 -> 617500 | J11: =SUM(H11,I11) -> 1761300 | K11: Thay đổi
A12: 3 | B12: Công tắc ba 1 chiều 16A | C12: Sino- Việt Nam | D12: bộ | E12: 7 | F12: 56100 | G12: 23200 | H12: =E12*F12 -> 392700 | I12: =E12*G12 -> 162400 | J12: =SUM(H12,I12) -> 555100
A13: 4 | B13: Công tắc đôi 1 chiều 16A | C13: Sino- Việt Nam | D13: bộ | E13: 2 | F13: 42000 | G13: 18600 | H13: =E13*F13 -> 84000 | I13: =E13*G13 -> 37200 | J13: =SUM(H13,I13) -> 121200
A14: 5 | B14: Công tắc đơn 2 chiều 16A | C14: Sino- Việt Nam | D14: bộ | E14: 2 | F14: 42100 | G14: 23200 | H14: =E14*F14 -> 84200 | I14: =E14*G14 -> 46400 | J14: =SUM(H14,I14) -> 130600
A15: 6 | B15: Ổ cắm đôi 3 chấu 16A | C15: Sino- Việt Nam | D15: bộ | E15: 336 | F15: 70100 | G15: 32500 | H15: =E15*F15 -> 23553600 | I15: =E15*G15 -> 10920000 | J15: =SUM(H15,I15) -> 34473600
A16: 7 | B16: Ổ cắm công nghiệp 3 pha chống nước | C16: Sino- Việt Nam | D16: bộ | E16: 7 | F16: 268500 | G16: 46500 | H16: =E16*F16 -> 1879500 | I16: =E16*G16 -> 325500 | J16: =SUM(H16,I16) -> 2205000
A17: 8 | B17: Cáp Cu/PVC 2x1C-1.5mm² từ đèn đến công tắc | C17: Cadisun- Việt Nam | D17: m | E17: 1773 | F17: 7200 | G17: 2700 | H17: =E17*F17 -> 12765600 | I17: =E17*G17 -> 4787100 | J17: =SUM(H17,I17) -> 17552700
A18: 9 | B18: Cáp Cu/PVC 1C-1.5mm² (E) từ đèn đến công tắc | C18: Cadisun- Việt Nam | D18: m | F18: 3600 | G18: 1300 | H18: =E18*F18 -> 0 | I18: =E18*G18 -> 0 | J18: =SUM(H18,I18) -> 0 | K18: Bỏ dây PE
A19: 10 | B19: Cáp Cu/PVC 2x1C-2.5mm² từ công tắc đến MCB | C19: Cadisun- Việt Nam | D19: m | E19: 84 | F19: 12100 | G19: 3700 | H19: =E19*F19 -> 1016400 | I19: =E19*G19 -> 310800 | J19: =SUM(H19,I19) -> 1327200
A20: 11 | B20: Cáp Cu/PVC 1x1C-2.5mm² ( E) từ công tắc đến MCB | C20: Cadisun- Việt Nam | D20: m | E20: 84 | F20: 6000 | G20: 1800 | H20: =E20*F20 -> 504000 | I20: =E20*G20 -> 151200 | J20: =SUM(H20,I20) -> 655200
A21: 12 | B21: Cáp Cu/PVC 2x1C -4mm² ổ cắm điện 1 pha | C21: Cadisun- Việt Nam | D21: m | E21: 2284 | F21: 19000 | G21: 6500 | H21: =E21*F21 -> 43396000 | I21: =E21*G21 -> 14846000 | J21: =SUM(H21,I21) -> 58242000
A22: 13 | B22: Cáp Cu/PVC 1x1C -2.5mm² (E)ổ cắm điện 1 pha | C22: Cadisun- Việt Nam | D22: m | E22: 2284 | F22: 6000 | G22: 1800 | H22: =E22*F22 -> 13704000 | I22: =E22*G22 -> 4111200 | J22: =SUM(H22,I22) -> 17815200
A23: 14 | B23: Cáp Cu/PVC 2x1C -6mm² ổ cắm điện 1 pha | C23: Cadisun- Việt Nam | D23: m | E23: 0 | F23: 29100 | G23: 10200 | H23: =E23*F23 -> 0 | I23: =E23*G23 -> 0 | J23: =SUM(H23,I23) -> 0
A24: 15 | B24: Cáp Cu/PVC 1x1C -6mm² (E) ổ cắm điện 1 pha | C24: Cadisun- Việt Nam | D24: m | E24: 0 | F24: 14500 | G24: 5100 | H24: =E24*F24 -> 0 | I24: =E24*G24 -> 0 | J24: =SUM(H24,I24) -> 0
A25: 16 | B25: Ống điện PVC D20 | C25: Sino- Việt Nam | D25: m | E25: 2214 | F25: 6600 | G25: 9300 | H25: =E25*F25 -> 14612400 | I25: =E25*G25 -> 20590200 | J25: =SUM(H25,I25) -> 35202600
A26: 17 | B26: Ống điện PVC D25 | C26: Sino- Việt Nam | D26: m | E26: 218 | F26: 9300 | G26: 13900 | H26: =E26*F26 -> 2027400 | I26: =E26*G26 -> 3030200 | J26: =SUM(H26,I26) -> 5057600
A27: 18 | B27: Cáp Cu/PVC 4x1C -4mm² ổ cắm điện 3 pha | C27: Cadisun- Việt Nam | D27: m | E27: 71 | F27: 38100 | G27: 13000 | H27: =E27*F27 -> 2705100 | I27: =E27*G27 -> 923000 | J27: =SUM(H27,I27) -> 3628100
A28: 19 | B28: Cáp Cu/PVC 1C-2.5mm2 dây E cho ổ cắm điện 3 pha | C28: Cadisun- Việt Nam | D28: m | E28: 71 | F28: 6000 | G28: 1800 | H28: =E28*F28 -> 426000 | I28: =E28*G28 -> 127800 | J28: =SUM(H28,I28) -> 553800
A29: 20 | B29: Cáp Cu/XLPE/PVC 4x1C-16mm² Dây cấp nguồn từ tủ DB-01B.1-->DB-01B.7 | C29: Cadisun- Việt Nam | D29: m | E29: 358 | F29: 153300 | G29: 37200 | H29: =E29*F29 -> 54881400 | I29: =E29*G29 -> 13317600 | J29: =SUM(H29,I29) -> 68199000
A30: 21 | B30: Cáp Cu/PVC 1C-16mm² (E) cấp nguồn từ tủ DB-01B.1-->DB-01B.7 | C30: Cadisun- Việt Nam | D30: m | E30: 358 | F30: 36500 | G30: 9300 | H30: =E30*F30 -> 13067000 | I30: =E30*G30 -> 3329400 | J30: =SUM(H30,I30) -> 16396400
... A35: 26 | B35: Cáp Cu/PVC 1C-10mm² (E) cấp nguồn cho hệ thống tự động | C35: Cadisun- Việt Nam | D35: m | E35: 72 | F35: 24300 | G35: 5500 | H35: =E35*F35 -> 1749600 | I35: =E35*G35 -> 396000 | J35: =SUM(H35,I35) -> 2145600
A36: 27 | B36: Khay cáp + nắp + nối 150x50 mm Tol 1.0 mm | C36: DHME- Việt Nam | D36: m | E36: 0 | F36: 157200 | G36: 41800 | H36: =E36*F36 -> 0 | I36: =E36*G36 -> 0 | J36: =SUM(H36,I36) -> 0 | K36: Thay đổi độ dày
A37: 28 | B37: Khay cáp + nắp + nối 150x50 mm Tol 1.0 mm | C37: DHME- Việt Nam | D37: m | E37: 285 | F37: 157200 | G37: 41800 | H37: =E37*F37 -> 44802000 | I37: =E37*G37 -> 11913000 | J37: =SUM(H37,I37) -> 56715000 | K37: Thay đổi độ dày
A38: 29 | B38: Khay cáp + nắp + nối 75x50 mm Tol 1.0 mm | C38: DHME- Việt Nam | D38: m | E38: 246 | F38: 110400 | G38: 27900 | H38: =E38*F38 -> 27158400 | I38: =E38*G38 -> 6863400 | J38: =SUM(H38,I38) -> 34021800 | K38: Thay đổi độ dày
A39: 30 | B39: Vật tư phụ và phụ kiện đấu nối | C39: VN | D39: lô | E39: 1 | F39: 18715000 | G39: 5115000 | H39: =E39*F39 -> 18715000 | I39: =E39*G39 -> 5115000 | J39: =SUM(H39,I39) -> 23830000
A40: II | B40: CHUỒNG HEO THỊT | D40: 16 | F40: 0 | G40: 0 | H40: =SUM(H41:H63)*D40 -> 2245326400 | I40: =SUM(I41:I63)*D40 -> 777574400 | J40: =SUM(J41:J63)*D40 -> 3022900800
A41: 1 | B41: Cáp CXV 4x1C-50mm2 từ các tủ MDB 3b, MDB 4B, MDB 5 B, MDB 6B đến các tủ DB1A.1 …….DB1A.16 | C41: Cadisun- Việt Nam | D41: m | E41: 43 | F41: 436000 | G41: 74400 | H41: =E41*F41 -> 18748000 | I41: =E41*G41 -> 3199200 | J41: =SUM(H41,I41) -> 21947200
A42: 2 | B42: Cáp CXV 1x1C-25mm2 từ các tủ MDB 3b, MDB 4B, MDB 5 B, MDB 6B đến các tủ DB1A.1 …….DB1A.16 | C42: Cadisun- Việt Nam | D42: m | E42: 43 | F42: 58000 | G42: 11600 | H42: =E42*F42 -> 2494000 | I42: =E42*G42 -> 498800 | J42: =SUM(H42,I42) -> 2992800
A43: 3 | B43: Cáp CXV 4x1C-16mm2 từ các tủ DB1A.1 đến các tủ DB1A.1 .1…….DB1A.1.2 | C43: Cadisun- Việt Nam | D43: m | E43: 37 | F43: 153300 | G43: 37200 | H43: =E43*F43 -> 5672100 | I43: =E43*G43 -> 1376400 | J43: =SUM(H43,I43) -> 7048500
A44: 4 | B44: Cáp Cu/PVC/PVC 1x4Cx1.5mm2 cho mô tơ cào phân | C44: Cadisun- Việt Nam | D44: m | E44: 358 | F44: 16800 | G44: 5500 | H44: =E44*F44 -> 6014400 | I44: =E44*G44 -> 1969000 | J44: =SUM(H44,I44) -> 7983400
A45: 5 | B45: Ống điện PVC D20 | C45: Sino- Việt Nam | D45: m | E45: 30 | F45: 6600 | G45: 9300 | H45: =E45*F45 -> 198000 | I45: =E45*G45 -> 279000 | J45: =SUM(H45,I45) -> 477000
A46: 6 | B46: Đèn led buld 20W | C46: Duhal- Việt Nam | D46: bộ | E46: 126 | F46: 60200 | G46: 32500 | H46: =E46*F46 -> 7585200 | I46: =E46*G46 -> 4095000 | J46: =SUM(H46,I46) -> 11680200 | K46: Thay đổi cs
A47: 7 | B47: Công tắc đôi 1 chiều 16A | C47: Sino- Việt Nam | D47: bộ | E47: 6 | F47: 42000 | G47: 18600 | H47: =E47*F47 -> 252000 | I47: =E47*G47 -> 111600 | J47: =SUM(H47,I47) -> 363600
A48: 8 | B48: Ổ cắm công nghiệp 3 pha chống nước | C48: Sino- Việt Nam | D48: bộ | E48: 8 | F48: 268500 | G48: 46500 | H48: =E48*F48 -> 2148000 | I48: =E48*G48 -> 372000 | J48: =SUM(H48,I48) -> 2520000
A49: 9 | B49: Cáp Cu/PVC 2x1C-1.5 từ đèn đến công tắc | C49: Cadisun- Việt Nam | D49: m | E49: 1406 | F49: 7200 | G49: 2700 | H49: =E49*F49 -> 10123200 | I49: =E49*G49 -> 3796200 | J49: =SUM(H49,I49) -> 13919400
A50: 10 | B50: Cáp Cu/PVC 1C-1.5mm² (E) từ đèn đến công tắc | C50: Cadisun- Việt Nam | D50: m | F50: 3600 | G50: 1300 | H50: =E50*F50 -> 0 | I50: =E50*G50 -> 0 | J50: =SUM(H50,I50) -> 0 | K50: Bỏ dây PE
A51: 11 | B51: Cáp Cu/PVC 2x1C-2.5mm² từ công tắc đến MCB | C51: Cadisun- Việt Nam | D51: m | E51: 106 | F51: 12100 | G51: 3700 | H51: =E51*F51 -> 1282600 | I51: =E51*G51 -> 392200 | J51: =SUM(H51,I51) -> 1674800
A52: 12 | B52: Cáp Cu/PVC 1x1C-2.5mm² (E ) từ công tắc đến MCB | C52: Cadisun- Việt Nam | D52: m | E52: 106 | F52: 6000 | G52: 1800 | H52: =E52*F52 -> 636000 | I52: =E52*G52 -> 190800 | J52: =SUM(H52,I52) -> 826800
A53: 13 | B53: Ống điện PVC D20 | C53: Sino- Việt Nam | D53: m | E53: 1213 | F53: 6600 | G53: 9300 | H53: =E53*F53 -> 8005800 | I53: =E53*G53 -> 11280900 | J53: =SUM(H53,I53) -> 19286700
A54: 14 | B54: Ống điện PVC D25 | C54: Sino- Việt Nam | D54: m | E54: 53 | F54: 9300 | G54: 13900 | H54: =E54*F54 -> 492900 | I54: =E54*G54 -> 736700 | J54: =SUM(H54,I54) -> 1229600
A55: 15 | B55: Cáp Cu/PVC 4x1C -4mm² ổ cắm điện 3 pha | C55: Cadisun- Việt Nam | D55: m | E55: 197 | F55: 38100 | G55: 13000 | H55: =E55*F55 -> 7505700 | I55: =E55*G55 -> 2561000 | J55: =SUM(H55,I55) -> 10066700
A56: 16 | B56: Cáp Cu/PVC 1C-2.5mm2 dây E cho ổ cắm điện 3 pha | C56: Cadisun- Việt Nam | D56: m | E56: 197 | F56: 6000 | G56: 1800 | H56: =E56*F56 -> 1182000 | I56: =E56*G56 -> 354600 | J56: =SUM(H56,I56) -> 1536600
A57: 17 | B57: Cáp Cu/XLPE/PVC 4x1C-16mm² Dây cấp nguồn từ tủ DB-01-->DB-01.1…2 | C57: Cadisun- Việt Nam | D57: m | E57: 45 | F57: 153300 | G57: 37200 | H57: =E57*F57 -> 6898500 | I57: =E57*G57 -> 1674000 | J57: =SUM(H57,I57) -> 8572500
A58: 18 | B58: Cáp Cu/PVC 1C-16mm² Dây PE cấp nguồn từ tủ DB-01-->DB-01.1…2 | C58: Cadisun- Việt Nam | D58: m | E58: 45 | F58: 36500 | G58: 9300 | H58: =E58*F58 -> 1642500 | I58: =E58*G58 -> 418500 | J58: =SUM(H58,I58) -> 2061000
A59: 19 | B59: Cáp Cu/XLPE/PVC 4x1C-10mm² Dây cấp nguồn hệ thống tự động | C59: Cadisun- Việt Nam | D59: m | E59: 95 | F59: 97600 | G59: 23200 | H59: =E59*F59 -> 9272000 | I59: =E59*G59 -> 2204000 | J59: =SUM(H59,I59) -> 11476000
A60: 20 | B60: Cáp Cu/PVC 1C-10mm² Dây PE cấp nguồn hệ thống tự động | C60: Cadisun- Việt Nam | D60: m | E60: 95 | F60: 24300 | G60: 5500 | H60: =E60*F60 -> 2308500 | I60: =E60*G60 -> 522500 | J60: =SUM(H60,I60) -> 2831000
A61: 21 | B61: Khay cáp + nắp + nối 150x50 mm Tol 1.0 mm | C61: DHME- Việt Nam | D61: m | E61: 19 | F61: 157200 | G61: 41800 | H61: =E61*F61 -> 2986800 | I61: =E61*G61 -> 794200 | J61: =SUM(H61,I61) -> 3781000 | K61: Thay đổi độ dày
A62: 22 | B62: Khay cáp + nắp + nối 100x50 mm Tol 1.0 mm | C62: DHME- Việt Nam | D62: m | E62: 226 | F62: 157200 | G62: 41800 | H62: =E62*F62 -> 35527200 | I62: =E62*G62 -> 9446800 | J62: =SUM(H62,I62) -> 44974000 | K62: Thay đổi độ dày
A63: 23 | B63: Vật tư phụ và phụ kiện đấu nối | D63: lô | E63: 1 | F63: 9357500 | G63: 2325000 | H63: =E63*F63 -> 9357500 | I63: =E63*G63 -> 2325000 | J63: =SUM(H63,I63) -> 11682500
A64: III | B64: CHUỒNG HEO MANG THAI | D64: 2 | F64: 0 | G64: 0 | H64: =SUM(H65:H86)*D64 -> 713591200 | I64: =SUM(I65:I86)*D64 -> 329205200 | J64: =SUM(J65:J86)*D64 -> 1042796400
A65: 1 | B65: Cáp LV ABC 4x95mm2 Từ tủ MSB-A-đến tủ DB.1D.1 | C65: Cadisun- Việt Nam | D65: m | E65: 233 | F65: 98400 | G65: 83700 | H65: =E65*F65 -> 22927200 | I65: =E65*G65 -> 19502100 | J65: =SUM(H65,I65) -> 42429300
A66: 2 | B66: Cáp LV ABC 4x95mm2 Từ tủ MSB-A-đến tủ DB.1D.2 | C66: Cadisun- Việt Nam | D66: m | E66: 399 | F66: 98400 | G66: 83700 | H66: =E66*F66 -> 39261600 | I66: =E66*G66 -> 33396300 | J66: =SUM(H66,I66) -> 72657900
A67: 3 | B67: Cáp CXV 4x1C-70mm2 từ DB.1D.1 đến tủ MCC 1D.1 | C67: Cadisun- Việt Nam | D67: m | E67: 12 | F67: 620500 | G67: 74400 | H67: =E67*F67 -> 7446000 | I67: =E67*G67 -> 892800 | J67: =SUM(H67,I67) -> 8338800
A68: 4 | B68: Cáp Cu/PVC 1Cx35mm2 từ DB.1D.1 đến tủ MCC 1D.1 | C68: Cadisun- Việt Nam | D68: m | E68: 12 | F68: 78300 | G68: 13400 | H68: =E68*F68 -> 939600 | I68: =E68*G68 -> 160800 | J68: =SUM(H68,I68) -> 1100400
A69: 5 | B69: Cáp CXV 4x1C-70mm2 từ DB.1D.1 đến tủ MCC 1D.2 | C69: Cadisun- Việt Nam | D69: m | E69: 12 | F69: 620500 | G69: 74400 | H69: =E69*F69 -> 7446000 | I69: =E69*G69 -> 892800 | J69: =SUM(H69,I69) -> 8338800
A70: 6 | B70: Cáp Cu/PVC 1Cx35mm2 từ DB.1D.1 đến tủ MCC 1D.2 | C70: Cadisun- Việt Nam | D70: m | E70: 12 | F70: 78300 | G70: 13400 | H70: =E70*F70 -> 939600 | I70: =E70*G70 -> 160800 | J70: =SUM(H70,I70) -> 1100400
A71: 7 | B71: Cáp Cu/PVC/PVC 1x4Cx1.5mm2 Từ tủ MCC1D.1 đến mô tở cào phân | C71: Cadisun- Việt Nam | D71: m | E71: 1099 | F71: 38100 | G71: 13000 | H71: =E71*F71 -> 41871900 | I71: =E71*G71 -> 14287000 | J71: =SUM(H71,I71) -> 56158900
A72: 8 | B72: Ống điện PVC D20 | C72: Sino- Việt Nam | D72: m | E72: 620 | F72: 6600 | G72: 9300 | H72: =E72*F72 -> 4092000 | I72: =E72*G72 -> 5766000 | J72: =SUM(H72,I72) -> 9858000
A73: 9 | B73: Đèn led buld 20W | C73: Duhal- Việt Nam | D73: bộ | E73: =224*2 -> 448 | F73: 60200 | G73: 32500 | H73: =E73*F73 -> 26969600 | I73: =E73*G73 -> 14560000 | J73: =SUM(H73,I73) -> 41529600 | K73: Thay đổi cs
A74: 10 | B74: Công tắc đôi 1 chiều 16A | C74: Sino- Việt Nam | D74: cái | E74: 32 | F74: 42000 | G74: 18600 | H74: =E74*F74 -> 1344000 | I74: =E74*G74 -> 595200 | J74: =SUM(H74,I74) -> 1939200
A75: 11 | B75: Ổ cắm công nghiệp 3 pha chống nước | C75: Sino- Việt Nam | D75: bộ | E75: 15 | F75: 268500 | G75: 46500 | H75: =E75*F75 -> 4027500 | I75: =E75*G75 -> 697500 | J75: =SUM(H75,I75) -> 4725000
A76: 12 | B76: Cáp Cu/PVC 2x1C-1.5mm² + E-Cu/PVC 1.5mm² từ đèn đến công tắc | C76: Cadisun- Việt Nam | D76: m | E76: 3250 | F76: 10900 | G76: 4100 | H76: =E76*F76 -> 35425000 | I76: =E76*G76 -> 13325000 | J76: =SUM(H76,I76) -> 48750000
A77: 13 | B77: Cáp Cu/PVC 4x1C-2.5mm² + E-Cu/PVC 2.5mm² từ công tắc đến MCB | C77: Cadisun- Việt Nam | D77: m | E77: 398 | F77: 30300 | G77: 9300 | H77: =E77*F77 -> 12059400 | I77: =E77*G77 -> 3701400 | J77: =SUM(H77,I77) -> 15760800
A78: 14 | B78: Cáp Cu/PVC 4x1C -4mm² + E-Cu/PVC 2.5mm² ổ cắm điện 3 pha | C78: Cadisun- Việt Nam | D78: m | E78: 513 | F78: 44200 | G78: 14800 | H78: =E78*F78 -> 22674600 | I78: =E78*G78 -> 7592400 | J78: =SUM(H78,I78) -> 30267000
A79: 15 | B79: Cáp Cu/XLPE/PVC 4x1C-50mm² dây cấp nguồn từ tủ DB-01 đến tủ công nghệ | C79: Cadisun- Việt Nam | D79: m | E79: 150 | F79: 436000 | G79: 74400 | H79: =E79*F79 -> 65400000 | I79: =E79*G79 -> 11160000 | J79: =SUM(H79,I79) -> 76560000
A80: 16 | B80: Cáp Cu/PVC 1C-25mm² (E) dây cấp nguồn từ tủ DB-01 đến tủ công nghệ | C80: Cadisun- Việt Nam | D80: m | E80: 150 | F80: 56500 | G80: 11600 | H80: =E80*F80 -> 8475000 | I80: =E80*G80 -> 1740000 | J80: =SUM(H80,I80) -> 10215000
A81: 17 | B81: Ống điện PVC D20 | C81: Sino- Việt Nam | D81: m | E81: 2350 | F81: 6600 | G81: 9300 | H81: =E81*F81 -> 15510000 | I81: =E81*G81 -> 21855000 | J81: =SUM(H81,I81) -> 37365000
A82: 18 | B82: Ống điện PVC D25 | C82: Sino- Việt Nam | D82: m | E82: 341 | F82: 9300 | G82: 13900 | H82: =E82*F82 -> 3171300 | I82: =E82*G82 -> 4739900 | J82: =SUM(H82,I82) -> 7911200
A83: 19 | B83: Khay cáp + nắp + nối 150x50 mm Tol 1.0 mm | C83: DHME- Việt Nam | D83: m | E83: 121 | F83: 157200 | G83: 41800 | H83: =E83*F83 -> 19021200 | I83: =E83*G83 -> 5057800 | J83: =SUM(H83,I83) -> 24079000 | K83: Thay đổi độ dày
A84: 20 | B84: Khay cáp + nắp + nối 100x50 mm Tol 1.0 mm | C84: DHME- Việt Nam | D84: m | E84: 48 | F84: 121600 | G84: 37200 | H84: =E84*F84 -> 5836800 | I84: =E84*G84 -> 1785600 | J84: =SUM(H84,I84) -> 7622400 | K84: Thay đổi độ dày
A85: 21 | B85: Khay cáp + nắp + nối 75x50 mm Tol 1.0 mm | C85: DHME- Việt Nam | D85: m | E85: 48 | F85: 102900 | G85: 27900 | H85: =E85*F85 -> 4939200 | I85: =E85*G85 -> 1339200 | J85: =SUM(H85,I85) -> 6278400 | K85: Thay đổi độ dày
A86: 22 | B86: Vật tư phụ ( co,tê khay cáp,giá đở, tắc kê, vít,.) | C86: VN | D86: lô | E86: 1 | F86: 7018100 | G86: 1395000 | H86: =E86*F86 -> 7018100 | I86: =E86*G86 -> 1395000 | J86: =SUM(H86,I86) -> 8413100
A87: IV | B87: CHUỒNG HEO NÁI ĐẺ | D87: 2 | F87: 0 | G87: 0 | H87: =SUM(H88:H108)*D87 -> 904539800 | I87: =SUM(I88:I108)*D87 -> 349954000 | J87: =SUM(J88:J108)*D87 -> 1254493800
A88: 1 | B88: Đèn led buld 20W | C88: Duhal- Việt Nam | D88: bộ | E88: 256 | F88: 60200 | G88: 32500 | H88: =E88*F88 -> 15411200 | I88: =E88*G88 -> 8320000 | J88: =SUM(H88,I88) -> 23731200 | K88: Thay đổi cs
A89: 2 | B89: Công tắc đôi 1 chiều 16A | C89: Sino- Việt Nam | D89: cái | E89: 32 | F89: 42000 | G89: 18600 | H89: =E89*F89 -> 1344000 | I89: =E89*G89 -> 595200 | J89: =SUM(H89,I89) -> 1939200
A90: 3 | B90: Ổ cắm đôi 3 chấu 16A | C90: Sino- Việt Nam | D90: cái | E90: 600 | F90: 70100 | G90: 32500 | H90: =E90*F90 -> 42060000 | I90: =E90*G90 -> 19500000 | J90: =SUM(H90,I90) -> 61560000
A91: 4 | B91: Ổ cắm công nghiệp 3 pha chống nước | C91: Sino- Việt Nam | D91: bộ | E91: 20 | F91: 268500 | G91: 46500 | H91: =E91*F91 -> 5370000 | I91: =E91*G91 -> 930000 | J91: =SUM(H91,I91) -> 6300000
A92: 5 | B92: Cáp Cu/PVC 2x1C-1.5mm²+ E-Cu/PVC 1.5mm² từ đèn đến công tắc | C92: Cadisun- Việt Nam | D92: m | E92: 3806 | F92: 10900 | G92: 4100 | H92: =E92*F92 -> 41485400 | I92: =E92*G92 -> 15604600 | J92: =SUM(H92,I92) -> 57090000
A93: 6 | B93: Cáp Cu/PVC 2x1C-2.5mm² + E-Cu/PVC 2.5mm² từ công tắc đến MCB | C93: Cadisun- Việt Nam | D93: m | E93: 779 | F93: 18200 | G93: 5500 | H93: =E93*F93 -> 14177800 | I93: =E93*G93 -> 4284500 | J93: =SUM(H93,I93) -> 18462300
A94: 7 | B94: Cáp Cu/PVC 2x1C -6mm² + E-Cu/PVC 2.5mm² ổ cắm điện 1 pha | C94: Cadisun- Việt Nam | D94: m | E94: 1452 | F94: 35200 | G94: 12000 | H94: =E94*F94 -> 51110400 | I94: =E94*G94 -> 17424000 | J94: =SUM(H94,I94) -> 68534400
A95: 8 | B95: Cáp Cu/PVC 2x1C -4mm² + E-Cu/PVC 2.5mm² ổ cắm điện 1 pha | C95: Cadisun- Việt Nam | D95: m | E95: 1489 | F95: 25100 | G95: 8300 | H95: =E95*F95 -> 37373900 | I95: =E95*G95 -> 12358700 | J95: =SUM(H95,I95) -> 49732600
A96: 9 | B96: Cáp Cu/PVC 4x1C -4mm² + E-Cu/PVC 2.5mm² ổ cắm điện 3 pha | C96: Cadisun- Việt Nam | D96: m | E96: 218 | F96: 44200 | G96: 14800 | H96: =E96*F96 -> 9635600 | I96: =E96*G96 -> 3226400 | J96: =SUM(H96,I96) -> 12862000
A97: 10 | B97: Cáp Cu/PVC/PVC 4x1C-6mm² Dây cấp nguồn từ tủ DB-02.1…10 đến tủ tự động | C97: Cadisun- Việt Nam | D97: m | E97: 400 | F97: 58300 | G97: 18600 | H97: =E97*F97 -> 23320000 | I97: =E97*G97 -> 7440000 | J97: =SUM(H97,I97) -> 30760000
A98: 11 | B98: Cáp Cu/PVC 1C-6mm² (E) Dây cấp nguồn từ tủ DB-02.1...10 đến tủ tự động | C98: Cadisun- Việt Nam | D98: m | E98: 400 | F98: 14500 | G98: 5100 | H98: =E98*F98 -> 5800000 | I98: =E98*G98 -> 2040000 | J98: =SUM(H98,I98) -> 7840000
A99: 12 | B99: Cáp Cu/XLPE/PVC 4x1C-16mm² Dây cấp nguồn từ tủ DB-5.2 đến DB-2...10 | C99: Cadisun- Việt Nam | D99: m | E99: 479 | F99: 153300 | G99: 37200 | H99: =E99*F99 -> 73430700 | I99: =E99*G99 -> 17818800 | J99: =SUM(H99,I99) -> 91249500
A100: 13 | B100: Cáp Cu/PVC 1C-16mm² (E) Dây cấp nguồn từ tủ DB-02 đến DB-2...10 | C100: Cadisun- Việt Nam | D100: m | E100: 479 | F100: 36500 | G100: 9300 | H100: =E100*F100 -> 17483500 | I100: =E100*G100 -> 4454700 | J100: =SUM(H100,I100) -> 21938200
... A104: 17 | B104: Ống điện PVC D25 | C104: Sino- Việt Nam | D104: m | E104: 1155 | F104: 9300 | G104: 13900 | H104: =E104*F104 -> 10741500 | I104: =E104*G104 -> 16054500 | J104: =SUM(H104,I104) -> 26796000
A105: 18 | B105: Khay cáp + nắp + Nối 200x50*1.0mm | C105: DHME- Việt Nam | D105: m | F105: 184200 | G105: 0
A106: 19 | B106: Khay cáp + nắp + nối 150x50 mm Tol 1.0 mm | C106: DHME- Việt Nam | D106: m | E106: 147 | F106: 157200 | G106: 41800 | H106: =E106*F106 -> 23108400 | I106: =E106*G106 -> 6144600 | J106: =SUM(H106,I106) -> 29253000 | K106: Thay đổi độ dày
A107: 20 | B107: Khay cáp + nắp + nối 75x50 mm Tol 1.0 mm | C107: DHME- Việt Nam | D107: m | E107: 455 | F107: 102900 | G107: 27900 | H107: =E107*F107 -> 46819500 | I107: =E107*G107 -> 12694500 | J107: =SUM(H107,I107) -> 59514000 | K107: Thay đổi độ dày
...

Sheet 05. TỦ ĐIỆN CHI TIẾT
A1: STT | B1: Mô tả thiết bị | C1: Mã sản phẩm | D1: Hãng sản xuất | E1: ĐVT | F1: Số Lượng | G1: Ghi chú
A2: I | B2: Hệ thống tủ hạ thể tổng
A3: 1 | B3: Tủ điện MSB-A | D3: Việt Nam | E3: Tủ | F3: 1
B4: Vỏ tủ : Kiểu trong nhà, đặt sàn, sơn tĩnh điện, Form 1B Kích thước : 2200Hx2000Wx1000Dx2mm, 2 lớp cánh | D4: DH- Việt Nam | E4: Cái | F4: 1
B5: Đầu vào | E5: Cái | F5: 1
B6: ACB 4P 1250A 65kA | C6: AE1250-SW 4P 1250A FIX | D6: Mitsubishi-JP/CN | E6: Cái | F6: 1 | G6: SĐ1S 50kA
B7: Động cơ ACB 200-250VAC-DC | C7: MD-AD250-W | D7: Mitsubishi-JP/CN | E7: Cái | F7: 1
B8: Cuộn cắt 100-250VAC-DC | C8: SHT-AD250-W | D8: Mitsubishi-JP/CN | E8: Cái | F8: 1
B9: Cuộn đóng | C9: CC-AD250-W | D9: Mitsubishi-JP/CN | E9: Cái | F9: 1
B10: Tiếp điểm phụ | C10: AX-4-W | D10: Mitsubishi-JP/CN | E10: Cái | F10: 1
B11: Chuyển mạch on/off ACB | C11: HY-CSL-1-10A | D11: Hanyoung-Korea | E11: Cái | F11: 1
B12: Đèn báo trạng thái ACB | D12: Idec-JP/CN | E12: Cái | F12: 3
B13: Biến dòng MCT 1200/5A | C13: =INDEX([63]Sheet1!$A$3:$N$69,MATCH(B13,[63]Sheet1!$A$3:$A$69,0),IF("Andeli"=D13,2,IF("Taiwan"=D13,5,IF("Emic"=D13,8)))) -> #N/A | D13: Taiwan | E13: Cái | F13: 4
B14: Biến dòng PCT 1200/5A | C14: =INDEX([64]Sheet1!$A$3:$N$69,MATCH(B14,[64]Sheet1!$A$3:$A$69,0),IF("Andeli"=D14,2,IF("Taiwan"=D14,5,IF("Emic"=D14,8)))) -> PR-6 1200/5A | D14: Taiwan | E14: Cái | F14: 4
B15: Chống sét lan truyền Type1, 3P+N/PE, Imax=120kA, 10/350µs | C15: HDY31206 | D15: Himel | E15: Cái | F15: 1
B16: Cầu chì 220V/125A | D16: Asia | E16: Cái | F16: 4
B17: Cầu chì 220V/2A | D17: Asia | E17: Cái | F17: 3
B18: Đèn tín hiệu báo pha 220V | D18: Idec-JP/CN | E18: Cái | F18: 3
B19: Đòng hồ KTS đo đa chức năng | C19: EM-07K | D19: Tense | E19: Cái | F19: 1
B20: Rơ le bảo vệ quá dòng | C20: NX204A-240A | D20: Mikro-Malaysia | E20: Cái | F20: 1
B21: Rơ le bảo vệ thấp áp và cao áp | C21: MX200A-380A | D21: Mikro-Malaysia | E21: Cái | F21: 1
B22: Rơ le bảo vệ chạm đất | C22: NX201A-240A | D22: Mikro-Malaysia | E22: Cái | F22: 1
B23: Đầu ra
B24: MCCB 3P 400A 42kA | C24: =INDEX([65]MCCB!$B$3:$F$614,MATCH(B24,[65]MCCB!$B$3:$B$614,0),2) -> ABN403c | D24: LS-Korea/CN | E24: Cái | F24: 2 | G24: Bổ sung
B25: MCCB 3P 250A 42kA | C25: =INDEX([65]MCCB!$B$3:$F$614,MATCH(B25,[65]MCCB!$B$3:$B$614,0),2) -> ABS203c | D25: LS-Korea/CN | E25: Cái | F25: 2 | G25: Bổ sung
B26: Khoang tụ bù
B27: MCCB 3P 630A 45kA | C27: =INDEX([65]MCCB!$B$3:$F$614,MATCH(B27,[65]MCCB!$B$3:$B$614,0),2) -> ABN803c | D27: LS-Korea/CN | E27: Cái | F27: 1
B28: MCCB 3P 50A 18kA | C28: =INDEX([65]MCCB!$B$3:$F$614,MATCH(B28,[65]MCCB!$B$3:$B$614,0),2) -> ABN53c | D28: LS-Korea/CN | E28: Cái | F28: 10
B29: Contactor 3P 50A | C29: =INDEX([65]MCCB!$B$3:$F$614,MATCH(B29,[65]MCCB!$B$3:$B$614,0),2) -> MC-50a | D29: LS-Korea/CN | E29: Cái | F29: 10
B30: Tụ bù 25kVAr | C30: =INDEX([66]Sheet1!$A$96:$M$137,MATCH(B30,[66]Sheet1!$A$96:$A$137,0),IF("BTB"=D30,2,IF("Nuintek"=D30,5,IF("Epcos"=D30,8,)))) -> KNE-4134116S | D30: Nuintek | E30: Cái | F30: 10
B31: Cuộn kháng cho tụ bù 25kVAr, 7% | C31: =INDEX([66]Sheet1!$A$96:$M$137,MATCH(B31,[66]Sheet1!$A$96:$A$137,0),IF("BTB"=D31,2,IF("Nuintek"=D31,5,IF("Epcos"=D31,8,)))) -> BRH3-7/400/25 | D31: BTB | E31: Cái | F31: 10
B32: Bộ điều khiển tụ bù 12 cấp | C32: =INDEX([67]Sheet1!$A$2:$D$17,MATCH(B32,[67]Sheet1!$A$2:$A$17,0),2,1) -> #N/A | D32: Mikro-Malaysia | E32: Cái | F32: 1
B33: Cáp đi dây cho tụ bù | D33: VN | E33: Lô | F33: 1
B34: Vật tư nhân công hoàn thiện | E34: Cái | F34: 1
B35: Thanh cái đồng 3P+50%N+25%E | D35: Malaysia/tđ | E35: Cái | F35: 1
B36: Vật tư phụ (Co nhiệt, Ecu, Bulong, dây thít, dây điều khiển, đầu cốt,…) | D36: Asia | E36: Cái | F36: 1
B37: Nhân công lắp ráp tủ | D37: DH- Việt Nam | E37: Tủ | F37: 1
A38: 2 | B38: Tủ điện MSB-A.1-ATS SECTION | D38: Việt Nam | E38: Tủ | F38: 1
B39: Vỏ tủ : Kiểu trong nhà, đặt sàn, sơn tĩnh điện, Form 1B Kích thước : 2200Hx1600Wx1000Dx2mm, 2 lớp cánh | D39: DH- Việt Nam | E39: Cái | F39: 1
B40: 1.Khoang ATS SECTION | E40: Cái | F40: 1
B41: ACB 4P 630A 65kA | C41: AE630-SW 4P 630A FIX | D41: Mitsubishi-JP/CN | E41: Cái | F41: 2 | G41: SĐ1S 50kA
B42: Động cơ ACB 200-250VAC-DC | C42: MD-AD250-W | D42: Mitsubishi-JP/CN | E42: Cái | F42: 2
B43: Cuộn cắt 100-250VAC-DC | C43: SHT-AD250-W | D43: Mitsubishi-JP/CN | E43: Cái | F43: 2
B44: Cuộn đóng | C44: CC-AD250-W | D44: Mitsubishi-JP/CN | E44: Cái | F44: 2
B45: Tiếp điểm phụ | C45: AX-4-W | D45: Mitsubishi-JP/CN | E45: Cái | F45: 2
B46: Chuyển mạch on/off ACB | C46: HY-CSL-1-10A | D46: Hanyoung-Korea | E46: Cái | F46: 2
B47: Đèn báo trạng thái ACB | D47: Idec-JP/CN | E47: Cái | F47: 6
B48: Liên động cơ khí cho 2 ACB | C48: MI-204F-W | D48: Mitsubishi-JP/CN | E48: Cái | F48: 1
B49: Liên động điện 2 ACB | D49: Asia | E49: Bộ | F49: 1
B50: Biến dòng MCT 600/5A | C50: =INDEX([64]Sheet1!$A$3:$N$69,MATCH(B50,[64]Sheet1!$A$3:$A$69,0),IF("Andeli"=D50,2,IF("Taiwan"=D50,5,IF("Emic"=D50,8)))) -> RCT-15-2 600/5A | D50: Taiwan | E50: Cái | F50: 8
B51: Biến dòng PCT 600/5A | C51: =INDEX([64]Sheet1!$A$3:$N$69,MATCH(B51,[64]Sheet1!$A$3:$A$69,0),IF("Andeli"=D51,2,IF("Taiwan"=D51,5,IF("Emic"=D51,8)))) -> PR-5 600/5A | D51: Taiwan | E51: Cái | F51: 8
B52: Chống sét lan truyền Type1, 3P+N/PE, Imax=120kA, 10/350µs | C52: HDY31206 | D52: Himel | E52: Cái | F52: 1
B53: Cầu chì 220V/125A | D53: Asia | E53: Cái | F53: 4
B54: Cầu chì 220V/2A | D54: Asia | E54: Cái | F54: 6
B55: Đèn tín hiệu báo pha 220V | D55: Idec-JP/CN | E55: Cái | F55: 6
B56: Đòng hồ KTS đo đa chức năng | C56: EM-07K | D56: Tense | E56: Cái | F56: 2
B57: Rơ le bảo vệ quá dòng | C57: NX204A-240A | D57: Mikro-Malaysia | E57: Cái | F57: 2
B58: Rơ le bảo vệ thấp áp và cao áp | C58: MX200A-380A | D58: Mikro-Malaysia | E58: Cái | F58: 2
B59: Rơ le bảo vệ chạm đất | C59: NX201A-240A | D59: Mikro-Malaysia | E59: Cái | F59: 2
B60: Khoang MSB-A.1
B61: MCCB 3P 400A 42kA | C61: =INDEX([65]MCCB!$B$3:$F$614,MATCH(B61,[65]MCCB!$B$3:$B$614,0),2) -> ABN403c | D61: LS-Korea/CN | E61: Cái | F61: 1
B62: MCCB 3P 350A 42kA | C62: =INDEX([65]MCCB!$B$3:$F$614,MATCH(B62,[65]MCCB!$B$3:$B$614,0),2) -> ABN403c | D62: LS-Korea/CN | E62: Cái | F62: 1 | G62: SĐ1S 320A
B63: MCCB 3P 250A 42kA | C63: =INDEX([65]MCCB!$B$3:$F$614,MATCH(B63,[65]MCCB!$B$3:$B$614,0),2) -> ABS203c | D63: LS-Korea/CN | E63: Cái | F63: 1
B64: Vật tư nhân công hoàn thiện | E64: Cái | F64: 1
B65: Thanh cái đồng 3P+50%N+25%E | D65: Malaysia/tđ | E65: Cái | F65: 1
B66: Vật tư phụ (Co nhiệt, Ecu, Bulong, dây thít, dây điều khiển, đầu cốt,…) | D66: Việt Nam | E66: Cái | F66: 1
B67: Nhân công lắp ráp tủ | D67: DH- Việt Nam | E67: Tủ | F67: 1
A68: =MAX(A3:A67)+1 -> 3 | B68: Tủ điện MSB-A.2-ATS SECTION | D68: Việt Nam | E68: Tủ | F68: 1
B69: Vỏ tủ : Kiểu trong nhà, đặt sàn, sơn tĩnh điện, Form 1B Kích thước : 2200Hx1600Wx1000Dx2mm, 2 lớp cánh | D69: DH- Việt Nam | E69: Cái | F69: 1
B70: 1.Khoang ATS SECTION | E70: Cái | F70: 1
B71: ACB 4P 630A 65kA | C71: AE630-SW 4P 630A FIX | D71: Mitsubishi-JP/CN | E71: Cái | F71: 2 | G71: SĐ1S 50kA
B72: Động cơ ACB 200-250VAC-DC | C72: MD-AD250-W | D72: Mitsubishi-JP/CN | E72: Cái | F72: 2
B73: Cuộn cắt 100-250VAC-DC | C73: SHT-AD250-W | D73: Mitsubishi-JP/CN | E73: Cái | F73: 2
B74: Cuộn đóng | C74: CC-AD250-W | D74: Mitsubishi-JP/CN | E74: Cái | F74: 2
B75: Tiếp điểm phụ | C75: AX-4-W | D75: Mitsubishi-JP/CN | E75: Cái | F75: 2
B76: Chuyển mạch on/off ACB | C76: HY-CSL-1-10A | D76: Hanyoung-Korea | E76: Cái | F76: 2
B77: Đèn báo trạng thái ACB | D77: Idec-JP/CN | E77: Cái | F77: 6
B78: Liên động cơ khí cho 2 ACB | C78: MI-204F-W | D78: Mitsubishi-JP/CN | E78: Cái | F78: 1
B79: Liên động điện 2 ACB | D79: Asia | E79: Bộ | F79: 1
B80: Biến dòng MCT 600/5A | C80: =INDEX([64]Sheet1!$A$3:$N$69,MATCH(B80,[64]Sheet1!$A$3:$A$69,0),IF("Andeli"=D80,2,IF("Taiwan"=D80,5,IF("Emic"=D80,8)))) -> RCT-15-2 600/5A | D80: Taiwan | E80: Cái | F80: 8
B81: Biến dòng PCT 600/5A | C81: =INDEX([64]Sheet1!$A$3:$N$69,MATCH(B81,[64]Sheet1!$A$3:$A$69,0),IF("Andeli"=D81,2,IF("Taiwan"=D81,5,IF("Emic"=D81,8)))) -> PR-5 600/5A | D81: Taiwan | E81: Cái | F81: 8
B82: Chống sét lan truyền Type1, 3P+N/PE, Imax=120kA, 10/350µs | C82: HDY31206 | D82: Himel | E82: Cái | F82: 1
B83: Cầu chì 220V/125A | D83: Asia | E83: Cái | F83: 4
B84: Cầu chì 220V/2A | D84: Asia | E84: Cái | F84: 6
B85: Đèn tín hiệu báo pha 220V | D85: Idec-JP/CN | E85: Cái | F85: 6
B86: Đòng hồ KTS đo đa chức năng | C86: EM-07K | D86: Tense | E86: Cái | F86: 2
B87: Rơ le bảo vệ quá dòng | C87: NX204A-240A | D87: Mikro-Malaysia | E87: Cái | F87: 2
B88: Rơ le bảo vệ thấp áp và cao áp | C88: MX200A-380A | D88: Mikro-Malaysia | E88: Cái | F88: 2
B89: Rơ le bảo vệ chạm đất | C89: NX201A-240A | D89: Mikro-Malaysia | E89: Cái | F89: 2
B90: Khoang MSB-A.2
B91: MCCB 3P 400A 42kA | C91: =INDEX([65]MCCB!$B$3:$F$614,MATCH(B91,[65]MCCB!$B$3:$B$614,0),2) -> ABN403c | D91: LS-Korea/CN | E91: Cái | F91: 1
B92: MCCB 3P 200A 42kA | C92: =INDEX([65]MCCB!$B$3:$F$614,MATCH(B92,[65]MCCB!$B$3:$B$614,0),2) -> ABS203c | D92: LS-Korea/CN | E92: Cái | F92: 2
B93: MCCB 3P 250A 42kA | C93: =INDEX([65]MCCB!$B$3:$F$614,MATCH(B93,[65]MCCB!$B$3:$B$614,0),2) -> ABS203c | D93: LS-Korea/CN | E93: Cái | F93: 1
B94: Vật tư nhân công hoàn thiện | E94: Cái | F94: 1
B95: Thanh cái đồng 3P+50%N+25%E | D95: Malaysia/tđ | E95: Cái | F95: 1
B96: Vật tư phụ (Co nhiệt, Ecu, Bulong, dây thít, dây điều khiển, đầu cốt,…) | D96: Việt Nam | E96: Cái | F96: 1
B97: Nhân công lắp ráp tủ | D97: DH- Việt Nam | E97: Tủ | F97: 1
A98: =MAX(A33:A97)+1 -> 4 | B98: Tủ điện MSB-B | D98: Việt Nam | E98: Tủ | F98: 1
B99: Vỏ tủ : Kiểu trong nhà, đặt sàn, sơn tĩnh điện, Form 1B Kích thước : 2200Hx2400Wx1000Dx2mm, 2 lớp cánh | D99: DH- Việt Nam | E99: Cái | F99: 1
B100: Đầu vào | E100: Cái | F100: 1
...

Sheet PTH
